publication_ns,interval_end_ns,gap_m,relative_speed_mps,ego_speed_mps,ego_position_m,lead_position_m,lead_speed_mps,published_command_mps2,controller_output_mps2,sampled_gap_m,sampled_relative_speed_mps,sampled_ego_speed_mps,applied_mps2
0,10000000,59.999975,-0.004999999999999005,25.005,0.250025,60.25,25.0,1.5,1.5,60.0,0.0,25.0,0.5
10000000,20000000,59.99985,-0.019999999999999574,25.02,0.5001500000000001,60.5,25.0,1.5,1.5,59.999975,-0.004999999999999005,25.005,1.5
20000000,30000000,59.999575,-0.03500000000000014,25.035,0.7504250000000001,60.75,25.0,1.5,1.5,59.99985,-0.019999999999999574,25.02,1.5
30000000,40000000,59.99915,-0.05000000000000071,25.05,1.0008500000000002,61.0,25.0,1.5,1.5,59.999575,-0.03500000000000014,25.035,1.5
40000000,50000000,59.998575,-0.06500000000000128,25.065,1.2514250000000002,61.25,25.0,1.5,1.5,59.99915,-0.05000000000000071,25.05,1.5
50000000,60000000,59.99785,-0.08000000000000185,25.080000000000002,1.5021500000000003,61.5,25.0,1.5,1.5,59.998575,-0.06500000000000128,25.065,1.5
60000000,70000000,59.996975,-0.09500000000000242,25.095000000000002,1.7530250000000003,61.75,25.0,1.5,1.5,59.99785,-0.08000000000000185,25.080000000000002,1.5
70000000,80000000,59.99595,-0.11000000000000298,25.110000000000003,2.0040500000000003,62.0,25.0,1.5,1.5,59.996975,-0.09500000000000242,25.095000000000002,1.5
80000000,90000000,59.994775,-0.12500000000000355,25.125000000000004,2.2552250000000003,62.25,25.0,1.5,1.5,59.99595,-0.11000000000000298,25.110000000000003,1.5
90000000,100000000,59.99345,-0.14000000000000412,25.140000000000004,2.5065500000000003,62.5,25.0,1.5,1.5,59.994775,-0.12500000000000355,25.125000000000004,1.5
100000000,110000000,59.991975,-0.1550000000000047,25.155000000000005,2.758025,62.75,25.0,1.5,1.5,59.99345,-0.14000000000000412,25.140000000000004,1.5
110000000,120000000,59.99035,-0.17000000000000526,25.170000000000005,3.0096499999999997,63.0,25.0,1.5,1.5,59.991975,-0.1550000000000047,25.155000000000005,1.5
120000000,130000000,59.988575,-0.18500000000000583,25.185000000000006,3.2614249999999996,63.25,25.0,1.5,1.5,59.99035,-0.17000000000000526,25.170000000000005,1.5
130000000,140000000,59.98665,-0.2000000000000064,25.200000000000006,3.5133499999999995,63.5,25.0,1.5,1.5,59.988575,-0.18500000000000583,25.185000000000006,1.5
140000000,150000000,59.984575,-0.21500000000000696,25.215000000000007,3.7654249999999996,63.75,25.0,1.5,1.5,59.98665,-0.2000000000000064,25.200000000000006,1.5
150000000,160000000,59.98235,-0.23000000000000753,25.230000000000008,4.01765,64.0,25.0,1.5,1.5,59.984575,-0.21500000000000696,25.215000000000007,1.5
160000000,170000000,59.979975,-0.2450000000000081,25.245000000000008,4.2700249999999995,64.25,25.0,1.5,1.5,59.98235,-0.23000000000000753,25.230000000000008,1.5
170000000,180000000,59.97745,-0.26000000000000867,25.26000000000001,4.52255,64.5,25.0,1.5,1.5,59.979975,-0.2450000000000081,25.245000000000008,1.5
180000000,190000000,59.974775,-0.27500000000000924,25.27500000000001,4.775225,64.75,25.0,1.5,1.5,59.97745,-0.26000000000000867,25.26000000000001,1.5
190000000,200000000,59.97195,-0.2900000000000098,25.29000000000001,5.0280499999999995,65.0,25.0,1.5,1.5,59.974775,-0.27500000000000924,25.27500000000001,1.5
200000000,210000000,59.968975,-0.3050000000000104,25.30500000000001,5.281025,65.25,25.0,1.5,1.5,59.97195,-0.2900000000000098,25.29000000000001,1.5
210000000,220000000,59.96585,-0.32000000000001094,25.32000000000001,5.5341499999999995,65.5,25.0,1.5,1.5,59.968975,-0.3050000000000104,25.30500000000001,1.5
220000000,230000000,59.962575,-0.3350000000000115,25.33500000000001,5.787425,65.75,25.0,1.5,1.5,59.96585,-0.32000000000001094,25.32000000000001,1.5
230000000,240000000,59.95915,-0.3500000000000121,25.350000000000012,6.04085,66.0,25.0,1.5,1.5,59.962575,-0.3350000000000115,25.33500000000001,1.5
240000000,250000000,59.955575,-0.36500000000001265,25.365000000000013,6.2944249999999995,66.25,25.0,1.5,1.5,59.95915,-0.3500000000000121,25.350000000000012,1.5
250000000,260000000,59.95185,-0.3800000000000132,25.380000000000013,6.54815,66.5,25.0,1.5,1.5,59.955575,-0.36500000000001265,25.365000000000013,1.5
260000000,270000000,59.947975,-0.3950000000000138,25.395000000000014,6.8020249999999995,66.75,25.0,1.5,1.5,59.95185,-0.3800000000000132,25.380000000000013,1.5
270000000,280000000,59.94395,-0.41000000000001435,25.410000000000014,7.05605,67.0,25.0,1.5,1.5,59.947975,-0.3950000000000138,25.395000000000014,1.5
280000000,290000000,59.939775,-0.4250000000000149,25.425000000000015,7.310225,67.25,25.0,1.5,1.5,59.94395,-0.41000000000001435,25.410000000000014,1.5
290000000,300000000,59.93545,-0.4400000000000155,25.440000000000015,7.56455,67.5,25.0,1.5,1.5,59.939775,-0.4250000000000149,25.425000000000015,1.5
300000000,310000000,59.930975000000004,-0.45500000000001606,25.455000000000016,7.819025,67.75,25.0,1.5,1.5,59.93545,-0.4400000000000155,25.440000000000015,1.5
310000000,320000000,59.92635,-0.4700000000000166,25.470000000000017,8.07365,68.0,25.0,1.5,1.5,59.930975000000004,-0.45500000000001606,25.455000000000016,1.5
320000000,330000000,59.921575,-0.4850000000000172,25.485000000000017,8.328425000000001,68.25,25.0,1.5,1.5,59.92635,-0.4700000000000166,25.470000000000017,1.5
330000000,340000000,59.91665,-0.5000000000000178,25.500000000000018,8.583350000000001,68.5,25.0,1.5,1.5,59.921575,-0.4850000000000172,25.485000000000017,1.5
340000000,350000000,59.911575,-0.5150000000000183,25.51500000000002,8.838425000000003,68.75,25.0,1.5,1.5,59.91665,-0.5000000000000178,25.500000000000018,1.5
350000000,360000000,59.906349999999996,-0.5300000000000189,25.53000000000002,9.093650000000004,69.0,25.0,1.5,1.5,59.911575,-0.5150000000000183,25.51500000000002,1.5
360000000,370000000,59.900974999999995,-0.5450000000000195,25.54500000000002,9.349025000000005,69.25,25.0,1.5,1.5,59.906349999999996,-0.5300000000000189,25.53000000000002,1.5
370000000,380000000,59.89545,-0.56000000000002,25.56000000000002,9.604550000000005,69.5,25.0,1.5,1.5,59.900974999999995,-0.5450000000000195,25.54500000000002,1.5
380000000,390000000,59.88977499999999,-0.5750000000000206,25.57500000000002,9.860225000000005,69.75,25.0,1.5,1.5,59.89545,-0.56000000000002,25.56000000000002,1.5
390000000,400000000,59.88394999999999,-0.5900000000000212,25.59000000000002,10.116050000000007,70.0,25.0,1.5,1.5,59.88977499999999,-0.5750000000000206,25.57500000000002,1.5
400000000,410000000,59.87797499999999,-0.6050000000000217,25.60500000000002,10.372025000000008,70.25,25.0,1.5,1.5,59.88394999999999,-0.5900000000000212,25.59000000000002,1.5
410000000,420000000,59.871849999999995,-0.6200000000000223,25.620000000000022,10.628150000000009,70.5,25.0,1.5,1.5,59.87797499999999,-0.6050000000000217,25.60500000000002,1.5
420000000,430000000,59.86557499999999,-0.6350000000000229,25.635000000000023,10.88442500000001,70.75,25.0,1.5,1.5,59.871849999999995,-0.6200000000000223,25.620000000000022,1.5
430000000,440000000,59.85914999999999,-0.6500000000000234,25.650000000000023,11.14085000000001,71.0,25.0,1.5,1.5,59.86557499999999,-0.6350000000000229,25.635000000000023,1.5
440000000,450000000,59.85257499999999,-0.665000000000024,25.665000000000024,11.39742500000001,71.25,25.0,1.5,1.5,59.85914999999999,-0.6500000000000234,25.650000000000023,1.5
450000000,460000000,59.845849999999984,-0.6800000000000246,25.680000000000025,11.654150000000012,71.5,25.0,1.5,1.5,59.85257499999999,-0.665000000000024,25.665000000000024,1.5
460000000,470000000,59.83897499999999,-0.6950000000000252,25.695000000000025,11.911025000000013,71.75,25.0,1.5,1.5,59.845849999999984,-0.6800000000000246,25.680000000000025,1.5
470000000,480000000,59.831949999999985,-0.7100000000000257,25.710000000000026,12.168050000000013,72.0,25.0,1.5,1.5,59.83897499999999,-0.6950000000000252,25.695000000000025,1.5
480000000,490000000,59.82477499999999,-0.7250000000000263,25.725000000000026,12.425225000000014,72.25,25.0,1.5,1.5,59.831949999999985,-0.7100000000000257,25.710000000000026,1.5
490000000,500000000,59.81744999999999,-0.7400000000000269,25.740000000000027,12.682550000000015,72.5,25.0,1.5,1.5,59.82477499999999,-0.7250000000000263,25.725000000000026,1.5
500000000,510000000,59.80997499999998,-0.7550000000000274,25.755000000000027,12.940025000000016,72.75,25.0,1.5,1.5,59.81744999999999,-0.7400000000000269,25.740000000000027,1.5
510000000,520000000,59.80234999999998,-0.770000000000028,25.770000000000028,13.197650000000017,73.0,25.0,1.5,1.5,59.80997499999998,-0.7550000000000274,25.755000000000027,1.5
520000000,530000000,59.79457499999998,-0.7850000000000286,25.78500000000003,13.455425000000018,73.25,25.0,1.5,1.5,59.80234999999998,-0.770000000000028,25.770000000000028,1.5
530000000,540000000,59.78664999999998,-0.8000000000000291,25.80000000000003,13.713350000000018,73.5,25.0,1.5,1.5,59.79457499999998,-0.7850000000000286,25.78500000000003,1.5
540000000,550000000,59.77857499999998,-0.8150000000000297,25.81500000000003,13.97142500000002,73.75,25.0,1.5,1.5,59.78664999999998,-0.8000000000000291,25.80000000000003,1.5
550000000,560000000,59.77034999999998,-0.8300000000000303,25.83000000000003,14.22965000000002,74.0,25.0,1.5,1.5,59.77857499999998,-0.8150000000000297,25.81500000000003,1.5
560000000,570000000,59.76197499999998,-0.8450000000000308,25.84500000000003,14.488025000000022,74.25,25.0,1.5,1.5,59.77034999999998,-0.8300000000000303,25.83000000000003,1.5
570000000,580000000,59.75344999999998,-0.8600000000000314,25.86000000000003,14.746550000000022,74.5,25.0,1.5,1.5,59.76197499999998,-0.8450000000000308,25.84500000000003,1.5
580000000,590000000,59.744774999999976,-0.875000000000032,25.875000000000032,15.005225000000022,74.75,25.0,1.5,1.5,59.75344999999998,-0.8600000000000314,25.86000000000003,1.5
590000000,600000000,59.735949999999974,-0.8900000000000325,25.890000000000033,15.264050000000024,75.0,25.0,1.5,1.5,59.744774999999976,-0.875000000000032,25.875000000000032,1.5
600000000,610000000,59.726974999999975,-0.9050000000000331,25.905000000000033,15.523025000000025,75.25,25.0,1.5,1.5,59.735949999999974,-0.8900000000000325,25.890000000000033,1.5
610000000,620000000,59.71784999999997,-0.9200000000000337,25.920000000000034,15.782150000000026,75.5,25.0,1.5,1.5,59.726974999999975,-0.9050000000000331,25.905000000000033,1.5
620000000,630000000,59.708574999999975,-0.9350000000000342,25.935000000000034,16.041425000000025,75.75,25.0,1.5,1.5,59.71784999999997,-0.9200000000000337,25.920000000000034,1.5
630000000,640000000,59.699149999999975,-0.9500000000000348,25.950000000000035,16.300850000000025,76.0,25.0,1.5,1.5,59.708574999999975,-0.9350000000000342,25.935000000000034,1.5
640000000,650000000,59.68957499999998,-0.9650000000000354,25.965000000000035,16.560425000000023,76.25,25.0,1.5,1.5,59.699149999999975,-0.9500000000000348,25.950000000000035,1.5
650000000,660000000,59.67984999999997,-0.980000000000036,25.980000000000036,16.820150000000023,76.5,25.0,1.5,1.5,59.68957499999998,-0.9650000000000354,25.965000000000035,1.5
660000000,670000000,59.66997499999998,-0.9950000000000365,25.995000000000037,17.080025000000024,76.75,25.0,1.5,1.5,59.67984999999997,-0.980000000000036,25.980000000000036,1.5
670000000,680000000,59.65994999999998,-1.010000000000037,26.010000000000037,17.340050000000023,77.0,25.0,1.5,1.5,59.66997499999998,-0.9950000000000365,25.995000000000037,1.5
680000000,690000000,59.64977499999998,-1.0250000000000377,26.025000000000038,17.600225000000023,77.25,25.0,1.5,1.5,59.65994999999998,-1.010000000000037,26.010000000000037,1.5
690000000,700000000,59.63944999999998,-1.0400000000000382,26.04000000000004,17.86055000000002,77.5,25.0,1.5,1.5,59.64977499999998,-1.0250000000000377,26.025000000000038,1.5
700000000,710000000,59.62897499999998,-1.0550000000000388,26.05500000000004,18.12102500000002,77.75,25.0,1.5,1.5,59.63944999999998,-1.0400000000000382,26.04000000000004,1.5
710000000,720000000,59.61834999999998,-1.0700000000000394,26.07000000000004,18.381650000000022,78.0,25.0,1.5,1.5,59.62897499999998,-1.0550000000000388,26.05500000000004,1.5
720000000,730000000,59.60757499999998,-1.08500000000004,26.08500000000004,18.64242500000002,78.25,25.0,1.5,1.5,59.61834999999998,-1.0700000000000394,26.07000000000004,1.5
730000000,740000000,59.59664999999998,-1.1000000000000405,26.10000000000004,18.90335000000002,78.5,25.0,1.5,1.5,59.60757499999998,-1.08500000000004,26.08500000000004,1.5
740000000,750000000,59.58557499999998,-1.115000000000041,26.11500000000004,19.16442500000002,78.75,25.0,1.5,1.5,59.59664999999998,-1.1000000000000405,26.10000000000004,1.5
750000000,760000000,59.57434999999998,-1.1300000000000416,26.13000000000004,19.42565000000002,79.0,25.0,1.5,1.5,59.58557499999998,-1.115000000000041,26.11500000000004,1.5
760000000,770000000,59.56297499999998,-1.1450000000000422,26.145000000000042,19.68702500000002,79.25,25.0,1.5,1.5,59.57434999999998,-1.1300000000000416,26.13000000000004,1.5
770000000,780000000,59.55144999999998,-1.1600000000000428,26.160000000000043,19.94855000000002,79.5,25.0,1.5,1.5,59.56297499999998,-1.1450000000000422,26.145000000000042,1.5
780000000,790000000,59.53977499999998,-1.1750000000000433,26.175000000000043,20.21022500000002,79.75,25.0,1.5,1.5,59.55144999999998,-1.1600000000000428,26.160000000000043,1.5
790000000,800000000,59.52794999999998,-1.190000000000044,26.190000000000044,20.472050000000017,80.0,25.0,1.5,1.5,59.53977499999998,-1.1750000000000433,26.175000000000043,1.5
800000000,810000000,59.51597499999998,-1.2050000000000445,26.205000000000044,20.734025000000017,80.25,25.0,1.5,1.5,59.52794999999998,-1.190000000000044,26.190000000000044,1.5
810000000,820000000,59.503849999999986,-1.220000000000045,26.220000000000045,20.996150000000018,80.5,25.0,1.5,1.5,59.51597499999998,-1.2050000000000445,26.205000000000044,1.5
820000000,830000000,59.49157499999998,-1.2350000000000456,26.235000000000046,21.258425000000017,80.75,25.0,1.5,1.5,59.503849999999986,-1.220000000000045,26.220000000000045,1.5
830000000,840000000,59.47914999999998,-1.2500000000000462,26.250000000000046,21.520850000000017,81.0,25.0,1.5,1.5,59.49157499999998,-1.2350000000000456,26.235000000000046,1.5
840000000,850000000,59.466574999999985,-1.2650000000000468,26.265000000000047,21.783425000000015,81.25,25.0,1.5,1.5,59.47914999999998,-1.2500000000000462,26.250000000000046,1.5
850000000,860000000,59.45384999999999,-1.2800000000000473,26.280000000000047,22.046150000000015,81.5,25.0,1.5,1.5,59.466574999999985,-1.2650000000000468,26.265000000000047,1.5
860000000,870000000,59.44097499999998,-1.295000000000048,26.295000000000048,22.309025000000016,81.75,25.0,1.5,1.5,59.45384999999999,-1.2800000000000473,26.280000000000047,1.5
870000000,880000000,59.42794999999998,-1.3100000000000485,26.31000000000005,22.572050000000015,82.0,25.0,1.5,1.5,59.44097499999998,-1.295000000000048,26.295000000000048,1.5
880000000,890000000,59.414774999999985,-1.325000000000049,26.32500000000005,22.835225000000015,82.25,25.0,1.5,1.5,59.42794999999998,-1.3100000000000485,26.31000000000005,1.5
890000000,900000000,59.40144999999998,-1.3400000000000496,26.34000000000005,23.098550000000014,82.5,25.0,1.5,1.5,59.414774999999985,-1.325000000000049,26.32500000000005,1.5
900000000,910000000,59.38797499999998,-1.3550000000000502,26.35500000000005,23.362025000000013,82.75,25.0,1.5,1.5,59.40144999999998,-1.3400000000000496,26.34000000000005,1.5
910000000,920000000,59.374349999999986,-1.3700000000000507,26.37000000000005,23.625650000000014,83.0,25.0,1.5,1.5,59.38797499999998,-1.3550000000000502,26.35500000000005,1.5
920000000,930000000,59.36057499999998,-1.3850000000000513,26.38500000000005,23.889425000000013,83.25,25.0,1.5,1.5,59.374349999999986,-1.3700000000000507,26.37000000000005,1.5
930000000,940000000,59.34664999999998,-1.4000000000000519,26.400000000000052,24.153350000000014,83.5,25.0,1.5,1.5,59.36057499999998,-1.3850000000000513,26.38500000000005,1.5
940000000,950000000,59.33257499999999,-1.4150000000000524,26.415000000000052,24.417425000000012,83.75,25.0,1.5,1.5,59.34664999999998,-1.4000000000000519,26.400000000000052,1.5
950000000,960000000,59.31834999999999,-1.430000000000053,26.430000000000053,24.681650000000012,84.0,25.0,1.5,1.5,59.33257499999999,-1.4150000000000524,26.415000000000052,1.5
960000000,970000000,59.30397499999999,-1.4450000000000536,26.445000000000054,24.946025000000013,84.25,25.0,1.5,1.5,59.31834999999999,-1.430000000000053,26.430000000000053,1.5
970000000,980000000,59.28944999999999,-1.4600000000000541,26.460000000000054,25.210550000000012,84.5,25.0,1.5,1.5,59.30397499999999,-1.4450000000000536,26.445000000000054,1.5
980000000,990000000,59.27477499999999,-1.4750000000000547,26.475000000000055,25.475225000000012,84.75,25.0,1.5,1.5,59.28944999999999,-1.4600000000000541,26.460000000000054,1.5
990000000,1000000000,59.25994999999999,-1.4900000000000553,26.490000000000055,25.74005000000001,85.0,25.0,1.5,1.5,59.27477499999999,-1.4750000000000547,26.475000000000055,1.5
1000000000,1010000000,59.24497499999999,-1.5050000000000558,26.505000000000056,26.00502500000001,85.25,25.0,1.5,1.5,59.25994999999999,-1.4900000000000553,26.490000000000055,1.5
1010000000,1020000000,59.229849999999985,-1.5200000000000564,26.520000000000056,26.27015000000001,85.5,25.0,1.5,1.5,59.24497499999999,-1.5050000000000558,26.505000000000056,1.5
1020000000,1030000000,59.21457499999999,-1.535000000000057,26.535000000000057,26.53542500000001,85.75,25.0,1.5,1.5,59.229849999999985,-1.5200000000000564,26.520000000000056,1.5
1030000000,1040000000,59.19914999999999,-1.5500000000000576,26.550000000000058,26.80085000000001,86.0,25.0,1.5,1.5,59.21457499999999,-1.535000000000057,26.535000000000057,1.5
1040000000,1050000000,59.18357499999999,-1.5650000000000581,26.565000000000058,27.06642500000001,86.25,25.0,1.5,1.5,59.19914999999999,-1.5500000000000576,26.550000000000058,1.5
1050000000,1060000000,59.16784999999999,-1.5800000000000587,26.58000000000006,27.33215000000001,86.5,25.0,1.5,1.5,59.18357499999999,-1.5650000000000581,26.565000000000058,1.5
1060000000,1070000000,59.15197499999999,-1.5950000000000593,26.59500000000006,27.59802500000001,86.75,25.0,1.5,1.5,59.16784999999999,-1.5800000000000587,26.58000000000006,1.5
1070000000,1080000000,59.135949999999994,-1.6100000000000598,26.61000000000006,27.86405000000001,87.0,25.0,1.5,1.5,59.15197499999999,-1.5950000000000593,26.59500000000006,1.5
1080000000,1090000000,59.11977499999999,-1.6250000000000604,26.62500000000006,28.13022500000001,87.25,25.0,1.5,1.5,59.135949999999994,-1.6100000000000598,26.61000000000006,1.5
1090000000,1100000000,59.103449999999995,-1.640000000000061,26.64000000000006,28.39655000000001,87.5,25.0,1.5,1.5,59.11977499999999,-1.6250000000000604,26.62500000000006,1.5
1100000000,1110000000,59.086974999999995,-1.6550000000000615,26.65500000000006,28.663025000000008,87.75,25.0,1.5,1.5,59.103449999999995,-1.640000000000061,26.64000000000006,1.5
1110000000,1120000000,59.07034999999999,-1.670000000000062,26.670000000000062,28.92965000000001,88.0,25.0,1.5,1.5,59.086974999999995,-1.6550000000000615,26.65500000000006,1.5
1120000000,1130000000,59.053574999999995,-1.6850000000000627,26.685000000000063,29.19642500000001,88.25,25.0,1.5,1.5,59.07034999999999,-1.670000000000062,26.670000000000062,1.5
1130000000,1140000000,59.036649999999995,-1.7000000000000632,26.700000000000063,29.46335000000001,88.5,25.0,1.5,1.5,59.053574999999995,-1.6850000000000627,26.685000000000063,1.5
1140000000,1150000000,59.01957499999999,-1.7150000000000638,26.715000000000064,29.730425000000007,88.75,25.0,1.5,1.5,59.036649999999995,-1.7000000000000632,26.700000000000063,1.5
1150000000,1160000000,59.00234999999999,-1.7300000000000644,26.730000000000064,29.997650000000007,89.0,25.0,1.5,1.5,59.01957499999999,-1.7150000000000638,26.715000000000064,1.5
1160000000,1170000000,58.98497499999999,-1.745000000000065,26.745000000000065,30.26502500000001,89.25,25.0,1.5,1.5,59.00234999999999,-1.7300000000000644,26.730000000000064,1.5
1170000000,1180000000,58.96744999999999,-1.7600000000000655,26.760000000000066,30.532550000000008,89.5,25.0,1.5,1.5,58.98497499999999,-1.745000000000065,26.745000000000065,1.5
1180000000,1190000000,58.94977499999999,-1.775000000000066,26.775000000000066,30.800225000000008,89.75,25.0,1.5,1.5,58.96744999999999,-1.7600000000000655,26.760000000000066,1.5
1190000000,1200000000,58.93194999999999,-1.7900000000000666,26.790000000000067,31.068050000000007,90.0,25.0,1.5,1.5,58.94977499999999,-1.775000000000066,26.775000000000066,1.5
1200000000,1210000000,58.91397499999999,-1.8050000000000672,26.805000000000067,31.336025000000006,90.25,25.0,1.5,1.5,58.93194999999999,-1.7900000000000666,26.790000000000067,1.5
1210000000,1220000000,58.895849999999996,-1.8200000000000678,26.820000000000068,31.604150000000008,90.5,25.0,1.5,1.5,58.91397499999999,-1.8050000000000672,26.805000000000067,1.5
1220000000,1230000000,58.87757499999999,-1.8350000000000684,26.83500000000007,31.872425000000007,90.75,25.0,1.5,1.5,58.895849999999996,-1.8200000000000678,26.820000000000068,1.5
1230000000,1240000000,58.85914999999999,-1.850000000000069,26.85000000000007,32.14085000000001,91.0,25.0,1.5,1.5,58.87757499999999,-1.8350000000000684,26.83500000000007,1.5
1240000000,1250000000,58.84057499999999,-1.8650000000000695,26.86500000000007,32.40942500000001,91.25,25.0,1.5,1.5,58.85914999999999,-1.850000000000069,26.85000000000007,1.5
1250000000,1260000000,58.82184999999998,-1.88000000000007,26.88000000000007,32.67815000000002,91.5,25.0,1.5,1.5,58.84057499999999,-1.8650000000000695,26.86500000000007,1.5
1260000000,1270000000,58.80297499999998,-1.8950000000000706,26.89500000000007,32.94702500000002,91.75,25.0,1.5,1.5,58.82184999999998,-1.88000000000007,26.88000000000007,1.5
1270000000,1280000000,58.783949999999976,-1.9100000000000712,26.91000000000007,33.216050000000024,92.0,25.0,1.5,1.5,58.80297499999998,-1.8950000000000706,26.89500000000007,1.5
1280000000,1290000000,58.76477499999997,-1.9250000000000718,26.92500000000007,33.48522500000003,92.25,25.0,1.5,1.5,58.783949999999976,-1.9100000000000712,26.91000000000007,1.5
1290000000,1300000000,58.74544999999997,-1.9400000000000723,26.940000000000072,33.75455000000003,92.5,25.0,1.5,1.5,58.76477499999997,-1.9250000000000718,26.92500000000007,1.5
1300000000,1310000000,58.72597499999997,-1.955000000000073,26.955000000000073,34.02402500000003,92.75,25.0,1.5,1.5,58.74544999999997,-1.9400000000000723,26.940000000000072,1.5
1310000000,1320000000,58.706349999999965,-1.9700000000000735,26.970000000000073,34.293650000000035,93.0,25.0,1.5,1.5,58.72597499999997,-1.955000000000073,26.955000000000073,1.5
1320000000,1330000000,58.68657499999996,-1.985000000000074,26.985000000000074,34.56342500000004,93.25,25.0,1.5,1.5,58.706349999999965,-1.9700000000000735,26.970000000000073,1.5
1330000000,1340000000,58.66664999999996,-2.0000000000000746,27.000000000000075,34.83335000000004,93.5,25.0,1.5,1.5,58.68657499999996,-1.985000000000074,26.985000000000074,1.5
1340000000,1350000000,58.646574999999956,-2.015000000000075,27.015000000000075,35.103425000000044,93.75,25.0,1.5,1.5,58.66664999999996,-2.0000000000000746,27.000000000000075,1.5
1350000000,1360000000,58.62634999999995,-2.0300000000000757,27.030000000000076,35.37365000000005,94.0,25.0,1.5,1.5,58.646574999999956,-2.015000000000075,27.015000000000075,1.5
1360000000,1370000000,58.60597499999995,-2.0450000000000763,27.045000000000076,35.64402500000005,94.25,25.0,1.5,1.5,58.62634999999995,-2.0300000000000757,27.030000000000076,1.5
1370000000,1380000000,58.585449999999945,-2.060000000000077,27.060000000000077,35.914550000000055,94.5,25.0,1.5,1.5,58.60597499999995,-2.0450000000000763,27.045000000000076,1.5
1380000000,1390000000,58.56477499999994,-2.0750000000000774,27.075000000000077,36.18522500000006,94.75,25.0,1.5,1.5,58.585449999999945,-2.060000000000077,27.060000000000077,1.5
1390000000,1400000000,58.54394999999994,-2.090000000000078,27.090000000000078,36.45605000000006,95.0,25.0,1.5,1.5,58.56477499999994,-2.0750000000000774,27.075000000000077,1.5
1400000000,1410000000,58.52297499999994,-2.1050000000000786,27.10500000000008,36.72702500000006,95.25,25.0,1.5,1.5,58.54394999999994,-2.090000000000078,27.090000000000078,1.5
1410000000,1420000000,58.50184999999993,-2.120000000000079,27.12000000000008,36.99815000000007,95.5,25.0,1.5,1.5,58.52297499999994,-2.1050000000000786,27.10500000000008,1.5
1420000000,1430000000,58.48057499999993,-2.1350000000000797,27.13500000000008,37.26942500000007,95.75,25.0,1.5,1.5,58.50184999999993,-2.120000000000079,27.12000000000008,1.5
1430000000,1440000000,58.45914999999993,-2.1500000000000803,27.15000000000008,37.54085000000007,96.0,25.0,1.5,1.5,58.48057499999993,-2.1350000000000797,27.13500000000008,1.5
1440000000,1450000000,58.437574999999924,-2.165000000000081,27.16500000000008,37.812425000000076,96.25,25.0,1.5,1.5,58.45914999999993,-2.1500000000000803,27.15000000000008,1.5
1450000000,1460000000,58.41584999999992,-2.1800000000000814,27.18000000000008,38.08415000000008,96.5,25.0,1.5,1.5,58.437574999999924,-2.165000000000081,27.16500000000008,1.5
1460000000,1470000000,58.39397499999992,-2.195000000000082,27.195000000000082,38.35602500000008,96.75,25.0,1.5,1.5,58.41584999999992,-2.1800000000000814,27.18000000000008,1.5
1470000000,1480000000,58.37194999999991,-2.2100000000000826,27.210000000000083,38.62805000000009,97.0,25.0,1.5,1.5,58.39397499999992,-2.195000000000082,27.195000000000082,1.5
1480000000,1490000000,58.34977499999991,-2.225000000000083,27.225000000000083,38.90022500000009,97.25,25.0,1.5,1.5,58.37194999999991,-2.2100000000000826,27.210000000000083,1.5
1490000000,1500000000,58.32744999999991,-2.2400000000000837,27.240000000000084,39.17255000000009,97.5,25.0,1.5,1.5,58.34977499999991,-2.225000000000083,27.225000000000083,1.5
1500000000,1510000000,58.30497499999991,-2.2550000000000843,27.255000000000084,39.44502500000009,97.75,25.0,1.5,1.5,58.32744999999991,-2.2400000000000837,27.240000000000084,1.5
1510000000,1520000000,58.2823499999999,-2.270000000000085,27.270000000000085,39.7176500000001,98.0,25.0,1.5,1.5,58.30497499999991,-2.2550000000000843,27.255000000000084,1.5
1520000000,1530000000,58.2595749999999,-2.2850000000000854,27.285000000000085,39.9904250000001,98.25,25.0,1.5,1.5,58.2823499999999,-2.270000000000085,27.270000000000085,1.5
1530000000,1540000000,58.2366499999999,-2.300000000000086,27.300000000000086,40.2633500000001,98.5,25.0,1.5,1.5,58.2595749999999,-2.2850000000000854,27.285000000000085,1.5
1540000000,1550000000,58.21357499999989,-2.3150000000000865,27.315000000000087,40.53642500000011,98.75,25.0,1.5,1.5,58.2366499999999,-2.300000000000086,27.300000000000086,1.5
1550000000,1560000000,58.19034999999989,-2.330000000000087,27.330000000000087,40.80965000000011,99.0,25.0,1.5,1.5,58.21357499999989,-2.3150000000000865,27.315000000000087,1.5
1560000000,1570000000,58.16697499999989,-2.3450000000000877,27.345000000000088,41.08302500000011,99.25,25.0,1.47237249999981,1.47237249999981,58.19034999999989,-2.330000000000087,27.330000000000087,1.5
1570000000,1580000000,58.14345138137488,-2.3597237250000873,27.359723725000087,41.35654861862512,99.5,25.0,1.4383162499998083,1.4383162499998083,58.16697499999989,-2.3450000000000877,27.345000000000088,1.47237249999981
1580000000,1590000000,58.11978222831238,-2.374106887500087,27.374106887500087,41.63021777168762,99.75,25.0,1.4046845578560583,1.4046845578560583,58.14345138137488,-2.3597237250000873,27.359723725000087,1.4383162499998083
1590000000,1600000000,58.09597092520949,-2.3881537330786493,27.38815373307865,41.90402907479051,100.0,25.0,1.3715893989716834,1.3715893989716834,58.11978222831238,-2.374106887500087,27.374106887500087,1.4046845578560583
1600000000,1610000000,58.07202080840876,-2.401869627068365,27.401869627068365,42.17797919159124,100.25,25.0,1.3390246342626524,1.3390246342626524,58.09597092520949,-2.3881537330786493,27.38815373307865,1.3715893989716834
1610000000,1620000000,58.04793516090636,-2.4152598734109922,27.415259873410992,42.45206483909364,100.5,25.0,1.306982176250136,1.306982176250136,58.07202080840876,-2.401869627068365,27.401869627068365,1.3390246342626524
1620000000,1630000000,58.023717213063435,-2.428329695173492,27.428329695173492,42.726282786936565,100.75,25.0,1.2754540246832646,1.2754540246832646,58.04793516090636,-2.4152598734109922,27.415259873410992,1.306982176250136
1630000000,1640000000,57.99937014341047,-2.4410842354203233,27.441084235420323,43.00062985658953,101.0,25.0,1.244432300397928,1.244432300397928,58.023717213063435,-2.428329695173492,27.428329695173492,1.2754540246832646
1640000000,1650000000,57.97489707944125,-2.4535285584243027,27.453528558424303,43.27510292055875,101.25,25.0,1.213909244093605,1.213909244093605,57.99937014341047,-2.4410842354203233,27.441084235420323,1.244432300397928
1650000000,1660000000,57.9503010983948,-2.465667650865239,27.46566765086524,43.5496989016052,101.5,25.0,1.1838772145225134,1.1838772145225134,57.97489707944125,-2.4535285584243027,27.453528558424303,1.213909244093605
1660000000,1670000000,57.92558522802542,-2.477506423010464,27.477506423010464,43.82441477197458,101.75,25.0,1.1543286866956444,1.1543286866956444,57.9503010983948,-2.465667650865239,27.46566765086524,1.1838772145225134
1670000000,1680000000,57.90075244736098,-2.4890497098774205,27.48904970987742,44.09924755263902,102.0,25.0,1.125256250115847,1.125256250115847,57.92558522802542,-2.477506423010464,27.477506423010464,1.1543286866956444
1680000000,1690000000,57.8758056874497,-2.5003022723785797,27.50030227237858,44.3741943125503,102.25,25.0,1.0966526070377927,1.0966526070377927,57.90075244736098,-2.4890497098774205,27.48904970987742,1.125256250115847
1690000000,1700000000,57.85074783209556,-2.511268798448956,27.511268798448956,44.64925216790444,102.5,25.0,1.0685105707543436,1.0685105707543436,57.8758056874497,-2.5003022723785797,27.50030227237858,1.0966526070377927
1700000000,1710000000,57.825581718582534,-2.5219539041565007,27.5219539041565,44.924418281417466,102.75,25.0,1.0408230639089946,1.0408230639089946,57.85074783209556,-2.511268798448956,27.511268798448956,1.0685105707543436
1710000000,1720000000,57.80031013838777,-2.5323621347955907,27.53236213479559,45.19968986161223,103.0,25.0,1.0135831168339235,1.0135831168339235,57.825581718582534,-2.5219539041565007,27.5219539041565,1.0408230639089946
1720000000,1730000000,57.77493583788397,-2.5424979659639284,27.54249796596393,45.47506416211603,103.25,25.0,0.9867838659133263,0.9867838659133263,57.80031013838777,-2.5323621347955907,27.53236213479559,1.0135831168339235
1730000000,1740000000,57.74946151903104,-2.5523658046230615,27.55236580462306,45.75053848096896,103.5,25.0,0.9604185519716144,0.9604185519716144,57.77493583788397,-2.5424979659639284,27.54249796596393,0.9867838659133263
1740000000,1750000000,57.723889840057204,-2.561969990142778,27.561969990142778,46.026110159942796,103.75,25.0,0.9344805186860823,0.9344805186860823,57.74946151903104,-2.5523658046230615,27.55236580462306,0.9604185519716144
1750000000,1760000000,57.69822341612984,-2.571314795329638,27.571314795329638,46.30177658387016,104.0,25.0,0.9089632110237305,0.9089632110237305,57.723889840057204,-2.561969990142778,27.561969990142778,0.9344805186860823
1760000000,1770000000,57.672464820015996,-2.5804044274398734,27.580404427439873,46.577535179984004,104.25,25.0,0.8838601737018199,0.8838601737018199,57.69822341612984,-2.571314795329638,27.571314795329638,0.9089632110237305
1770000000,1780000000,57.64661658273291,-2.5892430291768918,27.58924302917689,46.85338341726709,104.5,25.0,0.8591650496718168,0.8591650496718168,57.672464820015996,-2.5804044274398734,27.580404427439873,0.8838601737018199
1780000000,1790000000,57.620681194188656,-2.5978346796736105,27.59783467967361,47.129318805811344,104.75,25.0,0.834871578626379,0.834871578626379,57.64661658273291,-2.5892430291768918,27.58924302917689,0.8591650496718168
1790000000,1800000000,57.59466110381299,-2.6061833954598725,27.606183395459873,47.40533889618701,105.0,25.0,0.8109735955290511,0.8109735955290511,57.620681194188656,-2.5978346796736105,27.59783467967361,0.834871578626379
1800000000,1810000000,57.56855872117861,-2.614293131415163,27.614293131415163,47.68144127882139,105.25,25.0,0.7874650291662673,0.7874650291662673,57.59466110381299,-2.6061833954598725,27.606183395459873,0.8109735955290511
1810000000,1820000000,57.542376416612996,-2.6221677817068247,27.622167781706825,47.957623583387004,105.5,25.0,0.764339900721358,0.764339900721358,57.56855872117861,-2.614293131415163,27.614293131415163,0.7874650291662673
1820000000,1830000000,57.51611652180089,-2.6298111807140394,27.62981118071404,48.23388347819911,105.75,25.0,0.7415923223702752,0.7415923223702752,57.542376416612996,-2.6221677817068247,27.622167781706825,0.764339900721358
1830000000,1840000000,57.489781330377625,-2.637227103937743,27.637227103937743,48.510218669622375,106.0,25.0,0.7192164958985936,0.7192164958985936,57.51611652180089,-2.6298111807140394,27.62981118071404,0.7415923223702752
1840000000,1850000000,57.46337309851345,-2.64441926889673,27.64441926889673,48.78662690148655,106.25,25.0,0.6972067113395624,0.6972067113395624,57.489781330377625,-2.637227103937743,27.637227103937743,0.7192164958985936
1850000000,1860000000,57.43689404548891,-2.651391336010125,27.651391336010125,49.06310595451109,106.5,25.0,0.6755573456328481,0.6755573456328481,57.46337309851345,-2.64441926889673,27.64441926889673,0.6972067113395624
1860000000,1870000000,57.410346354261534,-2.6581469094664527,27.658146909466453,49.339653645738466,106.75,25.0,0.654262861303653,0.654262861303653,57.43689404548891,-2.651391336010125,27.651391336010125,0.6755573456328481
1870000000,1880000000,57.383732172023805,-2.6646895380794895,27.66468953807949,49.616267827976195,107.0,25.0,0.633317805161906,0.633317805161906,57.410346354261534,-2.6581469094664527,27.658146909466453,0.654262861303653
1880000000,1890000000,57.35705361075276,-2.671022716131109,27.67102271613111,49.89294638924724,107.25,25.0,0.6127168070212115,0.6127168070212115,57.383732172023805,-2.6646895380794895,27.66468953807949,0.633317805161906
1890000000,1900000000,57.330312747751094,-2.67714988420132,27.67714988420132,50.169687252248906,107.5,25.0,0.5924545784373016,0.5924545784373016,57.35705361075276,-2.671022716131109,27.67102271613111,0.6127168070212115
1900000000,1910000000,57.30351162618015,-2.6830744299856946,27.683074429985695,50.44648837381985,107.75,25.0,0.5725259114656067,0.5725259114656067,57.330312747751094,-2.67714988420132,27.67714988420132,0.5924545784373016
1910000000,1920000000,57.27665225558472,-2.6887996891003496,27.68879968910035,50.72334774441528,108.0,25.0,0.5529256774377305,0.5529256774377305,57.30351162618015,-2.6830744299856946,27.683074429985695,0.5725259114656067
1920000000,1930000000,57.24973661240985,-2.6943289458747266,27.694328945874727,51.00026338759015,108.25,25.0,0.5336488257565493,0.5336488257565493,57.27665225558472,-2.6887996891003496,27.68879968910035,0.5529256774377305
1930000000,1940000000,57.22276664050981,-2.6996654341322923,27.699665434132292,51.27723335949019,108.5,25.0,0.5146903827095435,0.5146903827095435,57.24973661240985,-2.6943289458747266,27.694328945874727,0.5336488257565493
1940000000,1950000000,57.19574425164935,-2.704812337959389,27.70481233795939,51.55425574835065,108.75,25.0,0.4960454503002305,0.4960454503002305,57.22276664050981,-2.6996654341322923,27.699665434132292,0.5146903827095435
1950000000,1960000000,57.168671325997245,-2.7097727924623918,27.709772792462392,51.831328674002755,109.0,25.0,0.4777092050973284,0.4777092050973284,57.19574425164935,-2.704812337959389,27.70481233795939,0.4960454503002305
1960000000,1970000000,57.14154971261237,-2.7145498845133638,27.714549884513364,52.10845028738763,109.25,25.0,0.45967689710140913,0.45967689710140913,57.168671325997245,-2.7097727924623918,27.709772792462392,0.4777092050973284
1970000000,1980000000,57.11438122992237,-2.7191466534843762,27.719146653484376,52.38561877007763,109.5,25.0,0.441943848628775,0.441943848628775,57.14154971261237,-2.7145498845133638,27.714549884513364,0.45967689710140913
1980000000,1990000000,57.08716766619509,-2.723566091970664,27.723566091970664,52.66283233380491,109.75,25.0,0.4245054532122805,0.4245054532122805,57.11438122992237,-2.7191466534843762,27.719146653484376,0.441943848628775
1990000000,2000000000,57.059910780002724,-2.7278111465027877,27.727811146502788,52.940089219997276,110.0,25.0,0.40735717451888753,0.40735717451888753,57.08716766619509,-2.723566091970664,27.723566091970664,0.4245054532122805
2000000000,2010000000,57.03261230067897,-2.7318847182479757,27.731884718247976,53.21738769932103,110.25,25.0,0.39049454528364436,0.39049454528364436,57.059910780002724,-2.7278111465027877,27.727811146502788,0.40735717451888753
2010000000,2020000000,57.00527392876923,-2.735789663700814,27.735789663700814,53.49472607123077,110.5,25.0,0.3739131662598827,0.3739131662598827,57.03261230067897,-2.7318847182479757,27.731884718247976,0.39049454528364436
2020000000,2030000000,56.97789733647391,-2.7395287953634124,27.739528795363412,53.77210266352609,110.75,25.0,0.3576087051853256,0.3576087051853256,57.00527392876923,-2.735789663700814,27.735789663700814,0.3739131662598827
2030000000,2040000000,56.95048416808502,-2.743104882415267,27.743104882415267,54.04951583191498,111.0,25.0,0.3415768957639811,0.3415768957639811,56.97789733647391,-2.7395287953634124,27.739528795363412,0.3576087051853256
2040000000,2050000000,56.92303604041607,-2.746520651372908,27.746520651372908,54.32696395958393,111.25,25.0,0.3258135366634214,0.3258135366634214,56.95048416808502,-2.743104882415267,27.743104882415267,0.3415768957639811
2050000000,2060000000,56.89555454322551,-2.749778786739544,27.749778786739544,54.60444545677449,111.5,25.0,0.31031449052735827,0.31031449052735827,56.92303604041607,-2.746520651372908,27.746520651372908,0.3258135366634214
2060000000,2070000000,56.868041239633584,-2.7528819316448185,27.75288193164482,54.881958760366416,111.75,25.0,0.2950756830032142,0.2950756830032142,56.89555454322551,-2.749778786739544,27.749778786739544,0.31031449052735827
2070000000,2080000000,56.84049766653298,-2.7558326884748503,27.75583268847485,55.15950233346702,112.0,25.0,0.280093101784443,0.280093101784443,56.868041239633584,-2.7528819316448185,27.75288193164482,0.2950756830032142
2080000000,2090000000,56.81292533499314,-2.758633619492695,27.758633619492695,55.43707466500686,112.25,25.0,0.2653627956674276,0.2653627956674276,56.84049766653298,-2.7558326884748503,27.75583268847485,0.280093101784443
2090000000,2100000000,56.78532573065843,-2.7612872474493706,27.76128724744937,55.71467426934157,112.5,25.0,0.2508808736227004,0.2508808736227004,56.81292533499314,-2.758633619492695,27.758633619492695,0.2653627956674276
2100000000,2110000000,56.75770031414025,-2.7637960561855976,27.763796056185598,55.99229968585975,112.75,25.0,0.23664350388028588,0.23664350388028588,56.78532573065843,-2.7612872474493706,27.76128724744937,0.2508808736227004
2110000000,2120000000,56.7300505214032,-2.7661624912243994,27.7661624912244,56.2699494785968,113.0,25.0,0.22264691302893214,0.22264691302893214,56.75770031414025,-2.7637960561855976,27.763796056185598,0.23664350388028588
2120000000,2130000000,56.70237776414531,-2.768388960354688,27.768388960354688,56.54762223585469,113.25,25.0,0.20888738512903204,0.20888738512903204,56.7300505214032,-2.7661624912243994,27.7661624912244,0.22264691302893214
2130000000,2140000000,56.67468343017251,-2.770477834205977,27.770477834205977,56.82531656982749,113.5,25.0,0.19536126083902072,0.19536126083902072,56.70237776414531,-2.768388960354688,27.768388960354688,0.20888738512903204
2140000000,2150000000,56.6469688837674,-2.772431446814366,27.772431446814366,57.1030311162326,113.75,25.0,0.18206493655506772,0.18206493655506772,56.67468343017251,-2.770477834205977,27.770477834205977,0.19536126083902072
2150000000,2160000000,56.61923546605243,-2.774252096179918,27.774252096179918,57.38076453394757,114.0,25.0,0.16899486356380855,0.16899486356380855,56.6469688837674,-2.772431446814366,27.772431446814366,0.18206493655506772
2160000000,2170000000,56.59148449534745,-2.7759420448155545,27.775942044815555,57.65851550465255,114.25,25.0,0.15614754720799295,0.15614754720799295,56.61923546605243,-2.774252096179918,27.774252096179918,0.16899486356380855
2170000000,2180000000,56.56371726752194,-2.7775035202876346,27.777503520287635,57.93628273247806,114.5,25.0,0.14351954606477602,0.14351954606477602,56.59148449534745,-2.7759420448155545,27.775942044815555,0.15614754720799295
2180000000,2190000000,56.535935056341756,-2.778938715748282,27.778938715748282,58.214064943658244,114.75,25.0,0.131107471136509,0.131107471136509,56.56371726752194,-2.7775035202876346,27.777503520287635,0.14351954606477602
2190000000,2200000000,56.508139113810714,-2.7802497904596457,27.780249790459646,58.491860886189286,115.0,25.0,0.11890798505382794,0.11890798505382794,56.535935056341756,-2.778938715748282,27.778938715748282,0.131107471136509
2200000000,2210000000,56.480330670506866,-2.7814388703101827,27.781438870310183,58.769669329493134,115.25,25.0,0.10691780129086137,0.10691780129086137,56.508139113810714,-2.7802497904596457,27.780249790459646,0.11890798505382794
2210000000,2220000000,56.4525109359137,-2.7825080483230913,27.78250804832309,59.0474890640863,115.5,25.0,0.09513368339233796,0.09513368339233796,56.480330670506866,-2.7814388703101827,27.781438870310183,0.10691780129086137
2220000000,2230000000,56.4246810987463,-2.783459385157016,27.783459385157016,59.3253189012537,115.75,25.0,0.08355244421246333,0.08355244421246333,56.4525109359137,-2.7825080483230913,27.78250804832309,0.09513368339233796
2230000000,2240000000,56.396842327272516,-2.78429490959914,27.78429490959914,59.603157672727484,116.0,25.0,0.07217094516535116,0.07217094516535116,56.4246810987463,-2.783459385157016,27.783459385157016,0.08355244421246333
2240000000,2250000000,56.368995769629265,-2.7850166190507935,27.785016619050793,59.881004230370735,116.25,25.0,0.060986095486863956,0.060986095486863956,56.396842327272516,-2.78429490959914,27.78429490959914,0.07217094516535116
2250000000,2260000000,56.34114255413398,-2.7856264800056607,27.78562648000566,60.15885744586602,116.5,25.0,0.04999485150762384,0.04999485150762384,56.368995769629265,-2.7850166190507935,27.785016619050793,0.060986095486863956
2260000000,2270000000,56.313283789591345,-2.7861264285207383,27.78612642852074,60.436716210408655,116.75,25.0,0.03919421593712835,0.03919421593712835,56.34114255413398,-2.7856264800056607,27.78562648000566,0.04999485150762384
2270000000,2280000000,56.285420565595345,-2.7865183706801098,27.78651837068011,60.714579434404655,117.0,25.0,0.02858123715869576,0.02858123715869576,56.313283789591345,-2.7861264285207383,27.78612642852074,0.03919421593712835
2280000000,2290000000,56.25755395282668,-2.7868041830516965,27.786804183051697,60.99244604717332,117.25,25.0,0.018153008535182202,0.018153008535182202,56.285420565595345,-2.7865183706801098,27.78651837068011,0.02858123715869576
2290000000,2300000000,56.22968500334574,-2.7869857131370495,27.78698571313705,61.27031499665426,117.5,25.0,0.007906667725162908,0.007906667725162908,56.25755395282668,-2.7868041830516965,27.786804183051697,0.018153008535182202
2300000000,2310000000,56.201814750880985,-2.787064779814301,27.7870647798143,61.548185249119015,117.75,25.0,-0.0021606039903989682,-0.0021606039903989682,56.22968500334574,-2.7869857131370495,27.78698571313705,0.007906667725162908
2310000000,2320000000,56.17394421111304,-2.7870431737743964,27.787043173774396,61.82605578888696,118.0,25.0,-0.012051582371324976,-0.012051582371324976,56.201814750880985,-2.787064779814301,27.7870647798143,-0.0021606039903989682
2320000000,2330000000,56.14607438195441,-2.786922657950683,27.786922657950683,62.10392561804559,118.25,25.0,-0.02176900087127054,-0.02176900087127054,56.17394421111304,-2.7870431737743964,27.787043173774396,-0.012051582371324976
2330000000,2340000000,56.11820624382495,-2.7867049679419686,27.78670496794197,62.38179375617505,118.5,25.0,-0.03131555128088381,-0.03131555128088381,56.14607438195441,-2.786922657950683,27.786922657950683,-0.02176900087127054
2340000000,2350000000,56.090340759923095,-2.7863918124291587,27.78639181242916,62.659659240076905,118.75,25.0,-0.04069388436116306,-0.04069388436116306,56.11820624382495,-2.7867049679419686,27.78670496794197,-0.03131555128088381
2350000000,2360000000,56.062478876493024,-2.785984873585548,27.785984873585548,62.937521123506976,119.0,25.0,-0.049906610467215895,-0.049906610467215895,56.090340759923095,-2.7863918124291587,27.78639181242916,-0.04069388436116306
2360000000,2370000000,56.03462152308769,-2.7854858074808746,27.785485807480875,63.21537847691231,119.25,25.0,-0.05895630016251152,-0.05895630016251152,56.062478876493024,-2.785984873585548,27.785984873585548,-0.049906610467215895
2370000000,2380000000,56.00676961282788,-2.784896244479249,27.78489624447925,63.49323038717212,119.5,25.0,-0.06784548482381725,-0.06784548482381725,56.03462152308769,-2.7854858074808746,27.785485807480875,-0.05895630016251152
2380000000,2390000000,55.97892404265733,-2.784217789631011,27.78421778963101,63.77107595734267,119.75,25.0,-0.07657665723694507,-0.07657665723694507,56.00676961282788,-2.784896244479249,27.78489624447925,-0.06784548482381725
2390000000,2400000000,55.95108569359388,-2.7834520230586435,27.783452023058643,64.04891430640612,120.0,25.0,-0.08515227218342725,-0.08515227218342725,55.97892404265733,-2.784217789631011,27.78421778963101,-0.07657665723694507
2400000000,2410000000,55.92325543097691,-2.782600500336809,27.78260050033681,64.32674456902309,120.25,25.0,-0.09357474701830171,-0.09357474701830171,55.95108569359388,-2.7834520230586435,27.783452023058643,-0.08515227218342725
2410000000,2420000000,55.8954341047109,-2.781664752866625,27.781664752866625,64.6045658952891,120.5,25.0,-0.1018464622390769,-0.1018464622390769,55.92325543097691,-2.782600500336809,27.78260050033681,-0.09357474701830171
2420000000,2430000000,55.86762254950534,-2.7806462882442347,27.780646288244235,64.88237745049466,120.75,25.0,-0.1099697620461142,-0.1099697620461142,55.8954341047109,-2.781664752866625,27.781664752866625,-0.1018464622390769
2430000000,2440000000,55.83982158511101,-2.7795465906237737,27.779546590623774,65.16017841488899,121.0,25.0,-0.11794695489443408,-0.11794695489443408,55.86762254950534,-2.7806462882442347,27.780646288244235,-0.1099697620461142
2440000000,2450000000,55.81203201655252,-2.7783671210748295,27.77836712107483,65.43796798344748,121.25,25.0,-0.1257803140371574,-0.1257803140371574,55.83982158511101,-2.7795465906237737,27.779546590623774,-0.11794695489443408
2450000000,2460000000,55.78425463435748,-2.777109317934457,27.777109317934457,65.71574536564252,121.5,25.0,-0.13347207806069727,-0.13347207806069727,55.81203201655252,-2.7783671210748295,27.77836712107483,-0.1257803140371574
2460000000,2470000000,55.75649021478205,-2.7757745971538483,27.77577459715385,65.99350978521795,121.75,25.0,-0.1410244514118193,-0.1410244514118193,55.78425463435748,-2.777109317934457,27.777109317934457,-0.13347207806069727
2470000000,2480000000,55.72873952003307,-2.7743643526397292,27.77436435263973,66.27126047996693,122.0,25.0,-0.14843960491667074,-0.14843960491667074,55.75649021478205,-2.7757745971538483,27.77577459715385,-0.1410244514118193
2480000000,2490000000,55.701003298486924,-2.772879956590561,27.77287995659056,66.54899670151308,122.25,25.0,-0.15571967629195616,-0.15571967629195616,55.72873952003307,-2.7743643526397292,27.77436435263973,-0.14843960491667074
2490000000,2500000000,55.67328228490483,-2.7713227598276404,27.77132275982764,66.82671771509517,122.5,25.0,-0.16286677064829513,-0.16286677064829513,55.701003298486924,-2.772879956590561,27.77287995659056,-0.15571967629195616
2500000000,2510000000,55.64557720064509,-2.7696940921211564,27.769694092121156,67.10442279935491,122.75,25.0,-0.16988296098598932,-0.16988296098598932,55.67328228490483,-2.7713227598276404,27.77132275982764,-0.16286677064829513
2510000000,2520000000,55.617888753871924,-2.7679952625112954,27.767995262511295,67.38211124612808,123.0,25.0,-0.17677028868321232,-0.17677028868321232,55.64557720064509,-2.7696940921211564,27.769694092121156,-0.16988296098598932
2520000000,2530000000,55.59021763976125,-2.7662275596244648,27.766227559624465,67.65978236023875,123.25,25.0,-0.18353076397681223,-0.18353076397681223,55.617888753871924,-2.7679952625112954,27.767995262511295,-0.17677028868321232
2530000000,2540000000,55.56256454070321,-2.7643922519846953,27.764392251984695,67.9374354592968,123.5,25.0,-0.19016636643576357,-0.19016636643576357,55.59021763976125,-2.7662275596244648,27.766227559624465,-0.18353076397681223
2540000000,2550000000,55.53493012650169,-2.762490588320336,27.762490588320336,68.21506987349831,123.75,25.0,-0.19667904542747605,-0.19667904542747605,55.56256454070321,-2.7643922519846953,27.764392251984695,-0.19016636643576357
2550000000,2560000000,55.50731505457077,-2.7605237978660604,27.76052379786606,68.49268494542923,124.0,25.0,-0.2030707205769886,-0.2030707205769886,55.53493012650169,-2.762490588320336,27.762490588320336,-0.19667904542747605
2560000000,2570000000,55.47971997012813,-2.7584930906602914,27.75849309066029,68.77028002987187,124.25,25.0,-0.20934328221918586,-0.20934328221918586,55.50731505457077,-2.7605237978660604,27.76052379786606,-0.2030707205769886
2570000000,2580000000,55.45214550638565,-2.7563996578380987,27.7563996578381,69.04785449361435,124.5,25.0,-0.21549859184415654,-0.21549859184415654,55.47971997012813,-2.7584930906602914,27.75849309066029,-0.20934328221918586
2580000000,2590000000,55.42459228473686,-2.7542446719196576,27.754244671919658,69.32540771526314,124.75,25.0,-0.2215384825357427,-0.2215384825357427,55.45214550638565,-2.7563996578380987,27.7563996578381,-0.21549859184415654
2590000000,2600000000,55.39706091494179,-2.752029287094299,27.7520292870943,69.60293908505821,125.0,25.0,-0.2274647594035093,-0.2274647594035093,55.42459228473686,-2.7542446719196576,27.754244671919658,-0.2215384825357427
2600000000,2610000000,55.36955199530881,-2.7497546395002637,27.749754639500264,69.88044800469119,125.25,25.0,-0.2332792000080386,-0.2332792000080386,55.39706091494179,-2.752029287094299,27.7520292870943,-0.2274647594035093
2610000000,2620000000,55.34206611287381,-2.747421847500185,27.747421847500185,70.15793388712619,125.5,25.0,-0.23898355477987065,-0.23898355477987065,55.36955199530881,-2.7497546395002637,27.749754639500264,-0.2332792000080386
2620000000,2630000000,55.314603843576535,-2.745032011952386,27.745032011952386,70.43539615642347,125.75,25.0,-0.2445795474319845,-0.2445795474319845,55.34206611287381,-2.747421847500185,27.747421847500185,-0.23898355477987065
2630000000,2640000000,55.287165752434376,-2.7425862164780668,27.742586216478067,70.71283424756562,126.0,25.0,-0.250068875366078,-0.250068875366078,55.314603843576535,-2.745032011952386,27.745032011952386,-0.2445795474319845
2640000000,2650000000,55.25975239371337,-2.740085527724407,27.740085527724407,70.99024760628663,126.25,25.0,-0.255453210072635,-0.255453210072635,55.287165752434376,-2.7425862164780668,27.742586216478067,-0.250068875366078
2650000000,2660000000,55.23236431109662,-2.737530995623679,27.73753099562368,71.26763568890338,126.5,25.0,-0.26073419752492333,-0.26073419752492333,55.25975239371337,-2.740085527724407,27.740085527724407,-0.255453210072635
2660000000,2670000000,55.20500203785025,-2.73492365364843,27.73492365364843,71.54499796214975,126.75,25.0,-0.26591345856703175,-0.26591345856703175,55.23236431109662,-2.737530995623679,27.73753099562368,-0.26073419752492333
2670000000,2680000000,55.1776660969867,-2.7322645190627597,27.73226451906276,71.8223339030133,127.0,25.0,-0.27099258929595527,-0.27099258929595527,55.20500203785025,-2.73492365364843,27.73492365364843,-0.26591345856703175
2680000000,2690000000,55.15035700142555,-2.7295545931698015,27.7295545931698,72.09964299857445,127.25,25.0,-0.27597316143791506,-0.27597316143791506,55.1776660969867,-2.7322645190627597,27.73226451906276,-0.27099258929595527
2690000000,2700000000,55.12307525415193,-2.7267948615554225,27.726794861555423,72.37692474584807,127.5,25.0,-0.28085672271896467,-0.28085672271896467,55.15035700142555,-2.7295545931698015,27.7295545931698,-0.27597316143791506
2700000000,2710000000,55.09582134837251,-2.723986294328231,27.72398629432823,72.65417865162749,127.75,25.0,-0.28564479722992964,-0.28564479722992964,55.12307525415193,-2.7267948615554225,27.726794861555423,-0.28085672271896467
2710000000,2720000000,55.068595767669095,-2.7211298463559324,27.721129846355932,72.9314042323309,128.0,25.0,-0.2903388857858209,-0.2903388857858209,55.09582134837251,-2.723986294328231,27.72398629432823,-0.28564479722992964
2720000000,2730000000,55.04139898614983,-2.718226457498073,27.718226457498073,73.20860101385017,128.25,25.0,-0.29494046627979964,-0.29494046627979964,55.068595767669095,-2.7211298463559324,27.721129846355932,-0.2903388857858209
2730000000,2740000000,55.01423146859817,-2.715277052835276,27.715277052835276,73.48576853140183,128.5,25.0,-0.2994509940317345,-0.2994509940317345,55.04139898614983,-2.718226457498073,27.718226457498073,-0.29494046627979964
2740000000,2750000000,54.98709367061953,-2.7122825428949575,27.712282542894958,73.76290632938047,128.75,25.0,-0.3038719021314926,-0.3038719021314926,55.01423146859817,-2.715277052835276,27.715277052835276,-0.2994509940317345
2750000000,2760000000,54.959986038785686,-2.709243823873642,27.709243823873642,74.04001396121431,129.0,25.0,-0.3082046017769673,-0.3082046017769673,54.98709367061953,-2.7122825428949575,27.712282542894958,-0.3038719021314926
2760000000,2770000000,54.93290901077704,-2.706161777855872,27.706161777855872,74.31709098922296,129.25,25.0,-0.3124504826070438,-0.3124504826070438,54.959986038785686,-2.709243823873642,27.709243823873642,-0.3082046017769673
2770000000,2780000000,54.90586301552261,-2.7030372730298,27.7030372730298,74.59413698447739,129.5,25.0,-0.31661091302941635,-0.31661091302941635,54.93290901077704,-2.706161777855872,27.706161777855872,-0.3124504826070438
2780000000,2790000000,54.87884847333797,-2.6998711638995054,27.699871163899505,74.87115152666203,129.75,25.0,-0.32068724054349174,-0.32068724054349174,54.90586301552261,-2.7030372730298,27.7030372730298,-0.31661091302941635
2790000000,2800000000,54.851865796061006,-2.69666429149407,27.69666429149407,75.148134203939,130.0,25.0,-0.3246807920583592,-0.3246807920583592,54.87884847333797,-2.6998711638995054,27.699871163899505,-0.32068724054349174
2800000000,2810000000,54.82491538718567,-2.693417483573487,27.693417483573487,75.42508461281433,130.25,25.0,-0.3285928742059179,-0.3285928742059179,54.851865796061006,-2.69666429149407,27.69666429149407,-0.3246807920583592
2810000000,2820000000,54.797997641993646,-2.690131554831428,27.690131554831428,75.70200235800635,130.5,25.0,-0.3324247736492816,-0.3324247736492816,54.82491538718567,-2.693417483573487,27.693417483573487,-0.3285928742059179
2820000000,2830000000,54.77111294768402,-2.6868073070949343,27.686807307094934,75.97888705231598,130.75,25.0,-0.33617775738643774,-0.33617775738643774,54.797997641993646,-2.690131554831428,27.690131554831428,-0.3324247736492816
2830000000,2840000000,54.74426168350094,-2.6834455295210695,27.68344552952107,76.25573831649906,131.0,25.0,-0.3398530730493552,-0.3398530730493552,54.77111294768402,-2.6868073070949343,27.686807307094934,-0.33617775738643774
2840000000,2850000000,54.71744422085938,-2.6800469987905764,27.680046998790576,76.53255577914062,131.25,25.0,-0.3434519491985175,-0.3434519491985175,54.74426168350094,-2.6834455295210695,27.68344552952107,-0.3398530730493552
2850000000,2860000000,54.69066092346894,-2.6766124792985906,27.67661247929859,76.80933907653106,131.5,25.0,-0.34697559561296254,-0.34697559561296254,54.71744422085938,-2.6800469987905764,27.680046998790576,-0.3434519491985175
2860000000,2870000000,54.66391214745573,-2.673142723342462,27.673142723342462,77.08608785254427,131.75,25.0,-0.35042520357593876,-0.35042520357593876,54.69066092346894,-2.6766124792985906,27.67661247929859,-0.34697559561296254
2870000000,2880000000,54.63719824148248,-2.669638471306701,27.6696384713067,77.36280175851752,132.0,25.0,-0.3538019461562394,-0.3538019461562394,54.66391214745573,-2.673142723342462,27.673142723342462,-0.35042520357593876
2880000000,2890000000,54.610519546866726,-2.666100451845139,27.66610045184514,77.63948045313327,132.25,25.0,-0.35710697848519235,-0.35710697848519235,54.63719824148248,-2.669638471306701,27.6696384713067,-0.3538019461562394
2890000000,2900000000,54.58387639769721,-2.6625293820602884,27.66252938206029,77.91612360230279,132.5,25.0,-0.36034143802951135,-0.36034143802951135,54.610519546866726,-2.666100451845139,27.66610045184514,-0.35710697848519235
2900000000,2910000000,54.557269120948504,-2.658925967679995,27.658925967679995,78.1927308790515,132.75,25.0,-0.36350644485997474,-0.36350644485997474,54.58387639769721,-2.6625293820602884,27.66252938206029,-0.36034143802951135
2910000000,2920000000,54.53069803659395,-2.6552909032313963,27.655290903231396,78.46930196340605,133.0,25.0,-0.3666031019160152,-0.3666031019160152,54.557269120948504,-2.658925967679995,27.658925967679995,-0.36350644485997474
2920000000,2930000000,54.50416345771673,-2.651624872212235,27.651624872212235,78.74583654228327,133.25,25.0,-0.3696324952662784,-0.3696324952662784,54.53069803659395,-2.6552909032313963,27.655290903231396,-0.3666031019160152
2930000000,2940000000,54.477665690619375,-2.6479285472595713,27.64792854725957,79.02233430938062,133.5,25.0,-0.37259569436524975,-0.37259569436524975,54.50416345771673,-2.651624872212235,27.651624872212235,-0.3696324952662784
2940000000,2950000000,54.451205034931505,-2.6442025903159205,27.64420259031592,79.2987949650685,133.75,25.0,-0.3754937523059798,-0.3754937523059798,54.477665690619375,-2.6479285472595713,27.64792854725957,-0.37259569436524975
2950000000,2960000000,54.42478178371596,-2.6404476527928615,27.64044765279286,79.57521821628404,134.0,25.0,-0.3783277060689354,-0.3783277060689354,54.451205034931505,-2.6442025903159205,27.64420259031592,-0.3754937523059798
2960000000,2970000000,54.39839622357333,-2.636664375732174,27.636664375732174,79.85160377642667,134.25,25.0,-0.3810985767671018,-0.3810985767671018,54.42478178371596,-2.6404476527928615,27.64044765279286,-0.3783277060689354
2970000000,2980000000,54.37204863474484,-2.6328533899645024,27.632853389964502,80.12795136525516,134.5,25.0,-0.3838073698873341,-0.3838073698873341,54.39839622357333,-2.636664375732174,27.636664375732174,-0.3810985767671018
2980000000,2990000000,54.34573929121369,-2.6290153162656296,27.62901531626563,80.40426070878631,134.75,25.0,-0.3864550755280707,-0.3864550755280707,54.37204863474484,-2.6328533899645024,27.632853389964502,-0.3838073698873341
2990000000,3000000000,54.3194684608048,-2.625150765510348,27.625150765510348,80.6805315391952,135.0,25.0,-0.38904266863342096,-0.38904266863342096,54.34573929121369,-2.6290153162656296,27.62901531626563,-0.3864550755280707
3000000000,3010000000,54.293236405283125,-2.6212603388240154,27.621260338824015,80.95676359471688,135.25,25.0,-0.3915711092236718,-0.3915711092236718,54.3194684608048,-2.625150765510348,27.625150765510348,-0.38904266863342096
3010000000,3020000000,54.267043380450346,-2.6173446277317787,27.61734462773178,81.23295661954965,135.5,25.0,-0.3940413426223328,-0.3940413426223328,54.293236405283125,-2.6212603388240154,27.621260338824015,-0.3915711092236718
3020000000,3030000000,54.24088963624017,-2.613404214305554,27.613404214305554,81.50911036375983,135.75,25.0,-0.3964542996796969,-0.3964542996796969,54.267043380450346,-2.6173446277317787,27.61734462773178,-0.3940413426223328
3030000000,3040000000,54.2147754168121,-2.609439671308756,27.609439671308756,81.7852245831879,136.0,25.0,-0.3988108969930222,-0.3988108969930222,54.24088963624017,-2.613404214305554,27.613404214305554,-0.3964542996796969
3040000000,3050000000,54.18870096064386,-2.605451562338825,27.605451562338825,82.06129903935614,136.25,25.0,-0.4011120371233674,-0.4011120371233674,54.2147754168121,-2.609439671308756,27.609439671308756,-0.3988108969930222
3050000000,3060000000,54.16266650062232,-2.60144044196759,27.60144044196759,82.33733349937768,136.5,25.0,-0.40335860880912255,-0.40335860880912255,54.18870096064386,-2.605451562338825,27.605451562338825,-0.4011120371233674
3060000000,3070000000,54.1366722641331,-2.5974068558794983,27.5974068558795,82.6133277358669,136.75,25.0,-0.4055514871762811,-0.4055514871762811,54.16266650062232,-2.60144044196759,27.60144044196759,-0.40335860880912255
3070000000,3080000000,54.110718473148665,-2.593351341007736,27.593351341007736,82.88928152685133,137.0,25.0,-0.4076915339455507,-0.4076915339455507,54.1366722641331,-2.5974068558794983,27.5974068558795,-0.4055514871762811
3080000000,3090000000,54.084805344315285,-2.589274425668279,27.58927442566828,83.16519465568472,137.25,25.0,-0.40977959763631233,-0.40977959763631233,54.110718473148665,-2.593351341007736,27.593351341007736,-0.4076915339455507
3090000000,3100000000,54.05893308903849,-2.585176629691915,27.585176629691915,83.44106691096151,137.5,25.0,-0.4118165137674312,-0.4118165137674312,54.084805344315285,-2.589274425668279,27.58927442566828,-0.40977959763631233
3100000000,3110000000,54.03310191356725,-2.581058464554239,27.58105846455424,83.71689808643275,137.75,25.0,-0.4138031050550821,-0.4138031050550821,54.05893308903849,-2.585176629691915,27.585176629691915,-0.4118165137674312
3110000000,3120000000,54.00731201907696,-2.5769204335036875,27.576920433503687,83.99268798092304,138.0,25.0,-0.4157401816075237,-0.4157401816075237,54.03310191356725,-2.581058464554239,27.58105846455424,-0.4138031050550821
3120000000,3130000000,53.981563601751006,-2.572763031687611,27.57276303168761,84.268436398249,138.25,25.0,-0.4176285411169238,-0.4176285411169238,54.00731201907696,-2.5769204335036875,27.576920433503687,-0.4157401816075237
3130000000,3140000000,53.95585685286119,-2.5685867462764413,27.56858674627644,84.54414314713881,138.5,25.0,-0.419468969048276,-0.419468969048276,53.981563601751006,-2.572763031687611,27.57276303168761,-0.4176285411169238
3140000000,3150000000,53.930191958846876,-2.564392056585959,27.56439205658596,84.81980804115312,138.75,25.0,-0.42126223882544567,-0.42126223882544567,53.95585685286119,-2.5685867462764413,27.56858674627644,-0.419468969048276
3150000000,3160000000,53.904569101392966,-2.5601794341977033,27.560179434197703,85.09543089860703,139.0,25.0,-0.4230091120143724,-0.4230091120143724,53.930191958846876,-2.564392056585959,27.56439205658596,-0.42126223882544567
3160000000,3170000000,53.87898845750658,-2.555949343077561,27.55594934307756,85.37101154249342,139.25,25.0,-0.4247103385034996,-0.4247103385034996,53.904569101392966,-2.5601794341977033,27.560179434197703,-0.4230091120143724
3170000000,3180000000,53.85345019959273,-2.5517022396925277,27.551702239692528,85.64654980040727,139.5,25.0,-0.42636665668149076,-0.42636665668149076,53.87898845750658,-2.555949343077561,27.55594934307756,-0.4247103385034996
3180000000,3190000000,53.82795449552863,-2.5474385731257136,27.547438573125714,85.92204550447137,139.75,25.0,-0.4279787936121551,-0.4279787936121551,53.85345019959273,-2.5517022396925277,27.551702239692528,-0.42636665668149076
3190000000,3200000000,53.80250150873705,-2.5431587851895934,27.543158785189593,86.19749849126295,140.0,25.0,-0.4295474652068352,-0.4295474652068352,53.82795449552863,-2.5474385731257136,27.547438573125714,-0.4279787936121551
3200000000,3210000000,53.77709139825842,-2.5388633105375256,27.538863310537526,86.47290860174158,140.25,25.0,-0.43107337639408083,-0.43107337639408083,53.80250150873705,-2.5431587851895934,27.543158785189593,-0.4295474652068352
3210000000,3220000000,53.75172431882186,-2.534552576773585,27.534552576773585,86.74827568117814,140.5,25.0,-0.432557221286785,-0.432557221286785,53.77709139825842,-2.5388633105375256,27.538863310537526,-0.43107337639408083
3220000000,3230000000,53.72640042091518,-2.530227004560718,27.530227004560718,87.02359957908482,140.75,25.0,-0.4339996833467832,-0.4339996833467832,53.75172431882186,-2.534552576773585,27.534552576773585,-0.432557221286785
3230000000,3240000000,53.70111985085374,-2.525887007727249,27.52588700772725,87.29888014914626,141.0,25.0,-0.4354014355469249,-0.4354014355469249,53.72640042091518,-2.530227004560718,27.530227004560718,-0.4339996833467832
3240000000,3250000000,53.67588275084826,-2.5215329933717783,27.52153299337178,87.57411724915174,141.25,25.0,-0.4367631405306942,-0.4367631405306942,53.70111985085374,-2.525887007727249,27.52588700772725,-0.4354014355469249
3250000000,3260000000,53.65068925907157,-2.5171653619664696,27.51716536196647,87.84931074092843,141.5,25.0,-0.43808545076942673,-0.43808545076942673,53.67588275084826,-2.5215329933717783,27.52153299337178,-0.4367631405306942
3260000000,3270000000,53.62553950972445,-2.5127845074587754,27.512784507458775,88.12446049027555,141.75,25.0,-0.4393690087171094,-0.4393690087171094,53.65068925907157,-2.5171653619664696,27.51716536196647,-0.43808545076942673
3270000000,3280000000,53.600433633100295,-2.5083908173716054,27.508390817371605,88.3995663668997,142.0,25.0,-0.4406144469628308,-0.4406144469628308,53.62553950972445,-2.5127845074587754,27.512784507458775,-0.4393690087171094
3280000000,3290000000,53.57537175564893,-2.5039846729019786,27.50398467290198,88.67462824435107,142.25,25.0,-0.44182238838091603,-0.44182238838091603,53.600433633100295,-2.5083908173716054,27.508390817371605,-0.4406144469628308
3290000000,3300000000,53.550354000039334,-2.499566449018168,27.499566449018168,88.94964599996067,142.5,25.0,-0.44299344627878723,-0.44299344627878723,53.57537175564893,-2.5039846729019786,27.50398467290198,-0.44182238838091603
3300000000,3310000000,53.525380485221476,-2.49513651455538,27.49513651455538,89.22461951477852,142.75,25.0,-0.4441282245425717,-0.4441282245425717,53.550354000039334,-2.499566449018168,27.499566449018168,-0.44299344627878723
3310000000,3320000000,53.50045132648715,-2.490695232309953,27.490695232309953,89.49954867351285,143.0,25.0,-0.44522731778051394,-0.44522731778051394,53.525380485221476,-2.49513651455538,27.49513651455538,-0.4441282245425717
3320000000,3330000000,53.475566635529944,-2.4862429591321487,27.48624295913215,89.77443336447006,143.25,25.0,-0.44629131146416734,-0.44629131146416734,53.50045132648715,-2.490695232309953,27.490695232309953,-0.44522731778051394
3330000000,3340000000,53.45072652050419,-2.4817800460175086,27.48178004601751,90.04927347949581,143.5,25.0,-0.4473207820674774,-0.4473207820674774,53.475566635529944,-2.4862429591321487,27.48624295913215,-0.44629131146416734
3340000000,3350000000,53.425931086083125,-2.477306838196835,27.477306838196835,90.32406891391688,143.75,25.0,-0.44831629720373645,-0.44831629720373645,53.45072652050419,-2.4817800460175086,27.48178004601751,-0.4473207820674774
3350000000,3360000000,53.401180433516004,-2.4728236752247987,27.4728236752248,90.598819566484,144.0,25.0,-0.4492784157604466,-0.4492784157604466,53.425931086083125,-2.477306838196835,27.477306838196835,-0.44831629720373645
3360000000,3370000000,53.376474660684536,-2.4683308910671933,27.468330891067193,90.87352533931546,144.25,25.0,-0.4502076880321759,-0.4502076880321759,53.401180433516004,-2.4728236752247987,27.4728236752248,-0.4492784157604466
3370000000,3380000000,53.35181386215827,-2.463828814186872,27.463828814186872,91.14818613784173,144.5,25.0,-0.45110465585131987,-0.45110465585131987,53.376474660684536,-2.4683308910671933,27.468330891067193,-0.4502076880321759
3380000000,3390000000,53.32719812924918,-2.4593177676283595,27.45931776762836,91.42280187075082,144.75,25.0,-0.451969852716962,-0.451969852716962,53.35181386215827,-2.463828814186872,27.463828814186872,-0.45110465585131987
3390000000,3400000000,53.30262755006554,-2.454798069101191,27.45479806910119,91.69737244993446,145.0,25.0,-0.4528038039217055,-0.4528038039217055,53.32719812924918,-2.4593177676283595,27.45931776762836,-0.451969852716962
3400000000,3410000000,53.27810220956472,-2.4502700310619723,27.450270031061972,91.97189779043528,145.25,25.0,-0.4536070266766168,-0.4536070266766168,53.30262755006554,-2.454798069101191,27.45479806910119,-0.4528038039217055
3410000000,3420000000,53.25362218960544,-2.4457339607952058,27.445733960795206,92.24637781039456,145.5,25.0,-0.4543800302342489,-0.4543800302342489,53.27810220956472,-2.4502700310619723,27.450270031061972,-0.4536070266766168
3420000000,3430000000,53.229187568998995,-2.4411901604928623,27.441190160492862,92.520812431001,145.75,25.0,-0.45512331600982625,-0.45512331600982625,53.25362218960544,-2.4457339607952058,27.445733960795206,-0.4543800302342489
3430000000,3440000000,53.204798423559865,-2.4366389273327655,27.436638927332766,92.79520157644014,146.0,25.0,-0.45583737770053867,-0.45583737770053867,53.229187568998995,-2.4411901604928623,27.441190160492862,-0.45512331600982625
3440000000,3450000000,53.180454826155426,-2.4320805535557604,27.43208055355576,93.06954517384457,146.25,25.0,-0.45652270140306817,-0.45652270140306817,53.204798423559865,-2.4366389273327655,27.436638927332766,-0.45583737770053867
3450000000,3460000000,53.15615684675494,-2.42751532654173,27.42751532654173,93.34384315324506,146.5,25.0,-0.4571797657292871,-0.4571797657292871,53.180454826155426,-2.4320805535557604,27.43208055355576,-0.45652270140306817
3460000000,3470000000,53.131904552477806,-2.4229435288844385,27.42294352888444,93.6180954475222,146.75,25.0,-0.4578090419202545,-0.4578090419202545,53.15615684675494,-2.42751532654173,27.42751532654173,-0.4571797657292871
3470000000,3480000000,53.10769800764106,-2.418365438465237,27.418365438465237,93.89230199235894,147.0,25.0,-0.45841099395842333,-0.45841099395842333,53.131904552477806,-2.4229435288844385,27.42294352888444,-0.4578090419202545
3480000000,3490000000,53.0835372738061,-2.4137813285256513,27.41378132852565,94.1664627261939,147.25,25.0,-0.4589860786781639,-0.4589860786781639,53.10769800764106,-2.418365438465237,27.418365438465237,-0.45841099395842333
3490000000,3500000000,53.05942240982479,-2.409191467738868,27.409191467738868,94.44057759017521,147.5,25.0,-0.45953474587461196,-0.45953474587461196,53.0835372738061,-2.4137813285256513,27.41378132852565,-0.4589860786781639
3500000000,3510000000,53.035353471884704,-2.4045961202801216,27.40459612028012,94.7146465281153,147.75,25.0,-0.4600574384108711,-0.4600574384108711,53.05942240982479,-2.409191467738868,27.409191467738868,-0.45953474587461196
3510000000,3520000000,53.01133051355383,-2.3999955458960116,27.39999554589601,94.98866948644617,148.0,25.0,-0.46055459232356366,-0.46055459232356366,53.035353471884704,-2.4045961202801216,27.40459612028012,-0.4600574384108711
3520000000,3530000000,52.98735358582448,-2.3953899999727746,27.395389999972775,95.26264641417552,148.25,25.0,-0.4610266369267788,-0.4610266369267788,53.01133051355383,-2.3999955458960116,27.39999554589601,-0.46055459232356366
3530000000,3540000000,52.963422737156606,-2.3907797336035053,27.390779733603505,95.5365772628434,148.5,25.0,-0.46147399491446794,-0.46147399491446794,52.98735358582448,-2.3953899999727746,27.395389999972775,-0.4610266369267788
3540000000,3550000000,52.93953801352032,-2.3861649936543614,27.38616499365436,95.81046198647968,148.75,25.0,-0.4618970824612343,-0.4618970824612343,52.963422737156606,-2.3907797336035053,27.390779733603505,-0.46147399491446794
3550000000,3560000000,52.9156994584379,-2.381546022829749,27.38154602282975,96.0843005415621,149.0,25.0,-0.46229630932166144,-0.46229630932166144,52.93953801352032,-2.3861649936543614,27.38616499365436,-0.4618970824612343
3560000000,3570000000,52.89190711302507,-2.3769230597365336,27.376923059736534,96.35809288697493,149.25,25.0,-0.4626720789280516,-0.4626720789280516,52.9156994584379,-2.381546022829749,27.38154602282975,-0.46229630932166144
3570000000,3580000000,52.86816101603165,-2.3722963389472547,27.372296338947255,96.63183898396835,149.5,25.0,-0.46302478848674733,-0.46302478848674733,52.89190711302507,-2.3769230597365336,27.376923059736534,-0.4626720789280516
3580000000,3590000000,52.84446120388159,-2.367666091062386,27.367666091062386,96.9055387961184,149.75,25.0,-0.4633548290729377,-0.4633548290729377,52.86816101603165,-2.3722963389472547,27.372296338947255,-0.46302478848674733
3590000000,3600000000,52.82080771071243,-2.3630325427716556,27.363032542771656,97.17919228928757,150.0,25.0,-0.4636625857240575,-0.4636625857240575,52.84446120388159,-2.367666091062386,27.367666091062386,-0.4633548290729377
3600000000,3610000000,52.797200568414,-2.3583959169144144,27.358395916914414,97.452799431586,150.25,25.0,-0.4639484375317542,-0.4639484375317542,52.82080771071243,-2.3630325427716556,27.363032542771656,-0.4636625857240575
3610000000,3620000000,52.773639806666736,-2.3537564325390967,27.353756432539097,97.72636019333326,150.5,25.0,-0.4642127577324646,-0.4642127577324646,52.797200568414,-2.3583959169144144,27.358395916914414,-0.4639484375317542
3620000000,3630000000,52.75012545297923,-2.3491143049617733,27.349114304961773,97.99987454702077,150.75,25.0,-0.46445591379658335,-0.46445591379658335,52.773639806666736,-2.3537564325390967,27.353756432539097,-0.4642127577324646
3630000000,3640000000,52.72665753272531,-2.344469745823808,27.344469745823808,98.27334246727469,151.0,25.0,-0.46467826751632746,-0.46467826751632746,52.75012545297923,-2.3491143049617733,27.349114304961773,-0.46445591379658335
3640000000,3650000000,52.70323606918046,-2.339822963148645,27.339822963148645,98.54676393081954,151.25,25.0,-0.4648801750922109,-0.4648801750922109,52.72665753272531,-2.344469745823808,27.344469745823808,-0.46467826751632746
3650000000,3660000000,52.67986108355774,-2.335174161397724,27.335174161397724,98.82013891644226,151.5,25.0,-0.46506198721825065,-0.46506198721825065,52.70323606918046,-2.339822963148645,27.339822963148645,-0.4648801750922109
3660000000,3670000000,52.65653259504312,-2.3305235415255403,27.33052354152554,99.09346740495688,151.75,25.0,-0.4652240491658639,-0.4652240491658639,52.67986108355774,-2.335174161397724,27.335174161397724,-0.46506198721825065
3670000000,3680000000,52.633250620830324,-2.3258713010338816,27.32587130103388,99.36674937916968,152.0,25.0,-0.4653667008664666,-0.4653667008664666,52.65653259504312,-2.3305235415255403,27.33052354152554,-0.4652240491658639
3680000000,3690000000,52.61001517615503,-2.321217634025217,27.321217634025217,99.63998482384497,152.25,25.0,-0.46549027699283174,-0.46549027699283174,52.633250620830324,-2.3258713010338816,27.32587130103388,-0.4653667008664666
3690000000,3700000000,52.58682627432863,-2.3165627312552886,27.31656273125529,99.91317372567137,152.5,25.0,-0.4655951070392388,-0.4655951070392388,52.61001517615503,-2.321217634025217,27.321217634025217,-0.46549027699283174
3700000000,3710000000,52.56368392677143,-2.311906780184895,27.311906780184895,100.18631607322857,152.75,25.0,-0.4656815154003522,-0.4656815154003522,52.58682627432863,-2.3165627312552886,27.31656273125529,-0.4655951070392388
3710000000,3720000000,52.540588143045355,-2.3072499650308913,27.30724996503089,100.45941185695465,153.0,25.0,-0.46574982144894195,-0.46574982144894195,52.56368392677143,-2.311906780184895,27.311906780184895,-0.4656815154003522
3720000000,3730000000,52.51753893088612,-2.302592466816403,27.302592466816403,100.73246106911388,153.25,25.0,-0.4658003396124135,-0.4658003396124135,52.540588143045355,-2.3072499650308913,27.30724996503089,-0.46574982144894195
3730000000,3740000000,52.49453629623494,-2.2979344634202796,27.29793446342028,101.00546370376506,153.5,25.0,-0.4658333794481533,-0.4658333794481533,52.51753893088612,-2.302592466816403,27.302592466816403,-0.4658003396124135
3740000000,3750000000,52.4715802432697,-2.2932761296257986,27.2932761296258,101.2784197567303,153.75,25.0,-0.46584924571775366,-0.46584924571775366,52.49453629623494,-2.2979344634202796,27.29793446342028,-0.4658333794481533
3750000000,3760000000,52.448670774435726,-2.2886176371686204,27.28861763716862,101.55132922556427,154.0,25.0,-0.4658482384601088,-0.4658482384601088,52.4715802432697,-2.2932761296257986,27.2932761296258,-0.46584924571775366
3760000000,3770000000,52.425807890475966,-2.283959154784018,27.283959154784018,101.82419210952403,154.25,25.0,-0.46583065306336735,-0.46583065306336735,52.448670774435726,-2.2886176371686204,27.28861763716862,-0.4658482384601088
3770000000,3780000000,52.402991590460786,-2.279300848253385,27.279300848253385,102.09700840953921,154.5,25.0,-0.4657967803358436,-0.4657967803358436,52.425807890475966,-2.283959154784018,27.283959154784018,-0.46583065306336735
3780000000,3790000000,52.38022187181727,-2.2746428804500276,27.274642880450028,102.36977812818273,154.75,25.0,-0.4657469065758142,-0.4657469065758142,52.402991590460786,-2.279300848253385,27.279300848253385,-0.4657967803358436
3790000000,3800000000,52.3574987303581,-2.269985411384269,27.26998541138427,102.6425012696419,155.0,25.0,-0.46568131364025245,-0.46568131364025245,52.38022187181727,-2.2746428804500276,27.274642880450028,-0.4657469065758142
3800000000,3810000000,52.33482216030994,-2.2653285982478657,27.265328598247866,102.91517783969006,155.25,25.0,-0.465600279012528,-0.465600279012528,52.3574987303581,-2.269985411384269,27.26998541138427,-0.46568131364025245
3810000000,3820000000,52.3121921543414,-2.2606725954577414,27.26067259545774,103.1878078456586,155.5,25.0,-0.4655040758690898,-0.4655040758690898,52.33482216030994,-2.2653285982478657,27.265328598247866,-0.465600279012528
3820000000,3830000000,52.289608703590616,-2.2560175546990493,27.25601755469905,103.46039129640938,155.75,25.0,-0.4653929731451112,-0.4653929731451112,52.3121921543414,-2.2606725954577414,27.26067259545774,-0.4655040758690898
3830000000,3840000000,52.26707179769228,-2.251363624967599,27.2513636249676,103.73292820230772,156.0,25.0,-0.4652672355991454,-0.4652672355991454,52.289608703590616,-2.2560175546990493,27.25601755469905,-0.4653929731451112
3840000000,3850000000,52.244581424804394,-2.2467109526116076,27.246710952611608,104.0054185751956,156.25,25.0,-0.46512712387681043,-0.46512712387681043,52.26707179769228,-2.251363624967599,27.2513636249676,-0.4652672355991454
3850000000,3860000000,52.22213757163448,-2.24205968137284,27.24205968137284,104.27786242836552,156.5,25.0,-0.46497289457348545,-0.46497289457348545,52.244581424804394,-2.2467109526116076,27.246710952611608,-0.46512712387681043
3860000000,3870000000,52.19974022346547,-2.237409952427104,27.237409952427104,104.55025977653453,156.75,25.0,-0.4648048002960832,-0.4648048002960832,52.22213757163448,-2.24205968137284,27.24205968137284,-0.46497289457348545
3870000000,3880000000,52.17738936418121,-2.2327619044241445,27.232761904424144,104.82261063581879,157.0,25.0,-0.4646230897238408,-0.4646230897238408,52.19974022346547,-2.237409952427104,27.237409952427104,-0.4648048002960832
3880000000,3890000000,52.15508497629145,-2.2281156735269043,27.228115673526904,105.09491502370855,157.25,25.0,-0.4644280076682272,-0.4644280076682272,52.17738936418121,-2.2327619044241445,27.232761904424144,-0.4646230897238408
3890000000,3900000000,52.132827040956556,-2.2234713934502217,27.22347139345022,105.36717295904344,157.5,25.0,-0.4642197951319038,-0.4642197951319038,52.15508497629145,-2.2281156735269043,27.228115673526904,-0.4644280076682272
3900000000,3910000000,52.1106155380118,-2.218829195498902,27.218829195498902,105.6393844619882,157.75,25.0,-0.4639986893668371,-0.4639986893668371,52.132827040956556,-2.2234713934502217,27.22347139345022,-0.4642197951319038
3910000000,3920000000,52.088450445991285,-2.2141892086052337,27.214189208605234,105.91154955400872,158.0,25.0,-0.4637649239314765,-0.4637649239314765,52.1106155380118,-2.218829195498902,27.218829195498902,-0.4639986893668371
3920000000,3930000000,52.066331742151434,-2.20955155936592,27.20955155936592,106.18366825784857,158.25,25.0,-0.46351872874707833,-0.46351872874707833,52.088450445991285,-2.2141892086052337,27.214189208605234,-0.4637649239314765
3930000000,3940000000,52.044259402494205,-2.2049163720784506,27.20491637207845,106.4557405975058,158.5,25.0,-0.4632603301532101,-0.4632603301532101,52.066331742151434,-2.20955155936592,27.20955155936592,-0.46351872874707833
3940000000,3950000000,52.02223340178993,-2.20028376877692,27.20028376877692,106.72776659821007,158.75,25.0,-0.46298995096235407,-0.46298995096235407,52.044259402494205,-2.2049163720784506,27.20491637207845,-0.4632603301532101
3950000000,3960000000,52.00025371359972,-2.1956538692672964,27.195653869267296,106.99974628640028,159.0,25.0,-0.4627078105137099,-0.4627078105137099,52.02223340178993,-2.20028376877692,27.20028376877692,-0.46298995096235407
3960000000,3970000000,51.97832031029756,-2.191026791162159,27.19102679116216,107.27167968970244,159.25,25.0,-0.46241412472618615,-0.46241412472618615,52.00025371359972,-2.1956538692672964,27.195653869267296,-0.4627078105137099
3970000000,3980000000,51.95643316309217,-2.1864026499148963,27.186402649914896,107.54356683690783,159.5,25.0,-0.46210910615057754,-0.46210910615057754,51.97832031029756,-2.191026791162159,27.19102679116216,-0.46241412472618615
3980000000,3990000000,51.93459224204834,-2.181781558853391,27.18178155885339,107.81540775795166,159.75,25.0,-0.4617929640209364,-0.4617929640209364,51.95643316309217,-2.1864026499148963,27.186402649914896,-0.46210910615057754
3990000000,4000000000,51.912797516108,-2.177163629213183,27.177163629213183,108.087202483892,160.0,25.0,-0.46146590430518186,-0.46146590430518186,51.93459224204834,-2.181781558853391,27.18178155885339,-0.4617929640209364
4000000000,4010000000,51.89104895311108,-2.17254897017013,27.17254897017013,108.35895104688892,160.25,25.0,-0.461128129754941,-0.461128129754941,51.912797516108,-2.177163629213183,27.177163629213183,-0.46146590430518186
4010000000,4020000000,51.86934651981588,-2.1679376888725805,27.16793768887258,108.63065348018412,160.5,25.0,-0.4607798399545966,-0.4607798399545966,51.89104895311108,-2.17254897017013,27.17254897017013,-0.461128129754941
4020000000,4030000000,51.84769018191915,-2.163329890473033,27.163329890473033,108.90230981808085,160.75,25.0,-0.4604212313696441,-0.4604212313696441,51.86934651981588,-2.1679376888725805,27.16793768887258,-0.4607798399545966
4030000000,4040000000,51.82607990407598,-2.1587256781593354,27.158725678159335,109.17392009592402,161.0,25.0,-0.4600524973942801,-0.4600524973942801,51.84769018191915,-2.163329890473033,27.163329890473033,-0.4604212313696441
4040000000,4050000000,51.80451564991927,-2.1541251531853938,27.154125153185394,109.44548435008073,161.25,25.0,-0.4596738283982611,-0.4596738283982611,51.82607990407598,-2.1587256781593354,27.158725678159335,-0.4600524973942801
4050000000,4060000000,51.78299738207883,-2.149528414901411,27.14952841490141,109.71700261792117,161.5,25.0,-0.45928541177306137,-0.45928541177306137,51.80451564991927,-2.1541251531853938,27.154125153185394,-0.4596738283982611
4060000000,4070000000,51.761525062200406,-2.1449355607836793,27.14493556078368,109.9884749377996,161.75,25.0,-0.45888743197734305,-0.45888743197734305,51.78299738207883,-2.149528414901411,27.14952841490141,-0.45928541177306137
4070000000,4080000000,51.74009865096416,-2.140346686463907,27.140346686463907,110.25990134903584,162.0,25.0,-0.4584800705817047,-0.4584800705817047,51.761525062200406,-2.1449355607836793,27.14493556078368,-0.45888743197734305
4080000000,4090000000,51.71871810810305,-2.1357618857580896,27.13576188575809,110.53128189189695,162.25,25.0,-0.4580635063127838,-0.4580635063127838,51.74009865096416,-2.140346686463907,27.140346686463907,-0.4584800705817047
4090000000,4100000000,51.69738339242079,-2.1311812506949614,27.13118125069496,110.80261660757921,162.5,25.0,-0.45763791509663854,-0.45763791509663854,51.71871810810305,-2.1357618857580896,27.13576188575809,-0.4580635063127838
4100000000,4110000000,51.6760944618096,-2.1266048715439965,27.126604871543996,111.0739055381904,162.75,25.0,-0.4572034701015313,-0.4572034701015313,51.69738339242079,-2.1311812506949614,27.13118125069496,-0.45763791509663854
4110000000,4120000000,51.65485127326765,-2.1220328368429797,27.12203283684298,111.34514872673235,163.0,25.0,-0.4567603417800332,-0.4567603417800332,51.6760944618096,-2.1266048715439965,27.126604871543996,-0.4572034701015313
4120000000,4130000000,51.63365378291631,-2.117465233425179,27.11746523342518,111.61634621708369,163.25,25.0,-0.45630869791046225,-0.45630869791046225,51.65485127326765,-2.1220328368429797,27.12203283684298,-0.4567603417800332
4130000000,4140000000,51.61250194601695,-2.112902146446075,27.112902146446075,111.88749805398305,163.5,25.0,-0.4558487036377241,-0.4558487036377241,51.63365378291631,-2.117465233425179,27.11746523342518,-0.45630869791046225
4140000000,4150000000,51.59139571698768,-2.108343659409698,27.108343659409698,112.15860428301232,163.75,25.0,-0.45538052151354735,-0.45538052151354735,51.61250194601695,-2.112902146446075,27.112902146446075,-0.4558487036377241
4150000000,4160000000,51.570335049419654,-2.103789854194563,27.103789854194563,112.42966495058035,164.0,25.0,-0.45490431153604227,-0.45490431153604227,51.59139571698768,-2.108343659409698,27.108343659409698,-0.45538052151354735
4160000000,4170000000,51.54931989609328,-2.099240811079202,27.099240811079202,112.70068010390672,164.25,25.0,-0.45442023118874264,-0.45442023118874264,51.570335049419654,-2.103789854194563,27.103789854194563,-0.45490431153604227
4170000000,4180000000,51.528350208994055,-2.0946966087673147,27.094696608767315,112.97164979100594,164.5,25.0,-0.4539284354789759,-0.4539284354789759,51.54931989609328,-2.099240811079202,27.099240811079202,-0.45442023118874264
4180000000,4190000000,51.50742593932816,-2.0901573244125267,27.090157324412527,113.24257406067184,164.75,25.0,-0.45342907697569723,-0.45342907697569723,51.528350208994055,-2.0946966087673147,27.094696608767315,-0.4539284354789759
4190000000,4200000000,51.486547037537875,-2.0856230336427686,27.08562303364277,113.51345296246213,165.0,25.0,-0.45292230584675286,-0.45292230584675286,51.50742593932816,-2.0901573244125267,27.090157324412527,-0.45342907697569723
4200000000,4210000000,51.46571345331674,-2.0810938105842993,27.0810938105843,113.78428654668326,165.25,25.0,-0.4524082698955181,-0.4524082698955181,51.486547037537875,-2.0856230336427686,27.08562303364277,-0.45292230584675286
4210000000,4220000000,51.44492513562439,-2.076569727885346,27.076569727885346,114.05507486437561,165.5,25.0,-0.4518871145970591,-0.4518871145970591,51.46571345331674,-2.0810938105842993,27.0810938105843,-0.4524082698955181
4220000000,4230000000,51.42418203270127,-2.0720508567393736,27.072050856739374,114.32581796729873,165.75,25.0,-0.4513589831336864,-0.4513589831336864,51.44492513562439,-2.076569727885346,27.076569727885346,-0.4518871145970591
4230000000,4240000000,51.40348409208303,-2.0675372669080367,27.067537266908037,114.59651590791697,166.0,25.0,-0.45082401642997727,-0.45082401642997727,51.42418203270127,-2.0720508567393736,27.072050856739374,-0.4513589831336864
4240000000,4250000000,51.38283126061478,-2.063029026743738,27.063029026743738,114.86716873938522,166.25,25.0,-0.4502823531873026,-0.4502823531873026,51.40348409208303,-2.0675372669080367,27.067537266908037,-0.45082401642997727
4250000000,4260000000,51.362223484465005,-2.0585262032118656,27.058526203211866,115.137776515535,166.5,25.0,-0.44973412991777595,-0.44973412991777595,51.38283126061478,-2.063029026743738,27.063029026743738,-0.4502823531873026
4260000000,4270000000,51.34166070913939,-2.0540288619126876,27.054028861912688,115.40833929086061,166.75,25.0,-0.4491794809777159,-0.4491794809777159,51.362223484465005,-2.0585262032118656,27.058526203211866,-0.44973412991777595
4270000000,4280000000,51.3211428794943,-2.0495370671029107,27.04953706710291,115.6788571205057,167.0,25.0,-0.4486185386006003,-0.4486185386006003,51.34166070913939,-2.0540288619126876,27.054028861912688,-0.4491794809777159
4280000000,4290000000,51.30066993975021,-2.0450508817169037,27.045050881716904,115.94933006024979,167.25,25.0,-0.4480514329295162,-0.4480514329295162,51.3211428794943,-2.0495370671029107,27.04953706710291,-0.4486185386006003
4290000000,4300000000,51.28024183350469,-2.040570367387609,27.04057036738761,116.21975816649531,167.5,25.0,-0.4474782920490865,-0.4474782920490865,51.30066993975021,-2.0450508817169037,27.045050881716904,-0.4480514329295162
4300000000,4310000000,51.25985850374542,-2.0360955844671196,27.03609558446712,116.49014149625458,167.75,25.0,-0.4468992420169853,-0.4468992420169853,51.28024183350469,-2.040570367387609,27.04057036738761,-0.4474782920490865
4310000000,4320000000,51.23951989286286,-2.031626592046951,27.03162659204695,116.76048010713714,168.0,25.0,-0.44631440689488433,-0.44631440689488433,51.25985850374542,-2.0360955844671196,27.03609558446712,-0.4468992420169853
4320000000,4330000000,51.21922594266273,-2.027163447978001,27.027163447978,117.03077405733727,168.25,25.0,-0.44572390877899104,-0.44572390877899104,51.23951989286286,-2.031626592046951,27.03162659204695,-0.44631440689488433
4330000000,4340000000,51.198976594378394,-2.022706208890213,27.022706208890213,117.3010234056216,168.5,25.0,-0.4451278678300965,-0.4451278678300965,51.21922594266273,-2.027163447978001,27.027163447978,-0.44572390877899104
4340000000,4350000000,51.17877178868288,-2.0182549302119135,27.018254930211913,117.57122821131712,168.75,25.0,-0.44452640230317964,-0.44452640230317964,51.198976594378394,-2.022706208890213,27.022706208890213,-0.4451278678300965
4350000000,4360000000,51.15861146570087,-2.0138096661888802,27.01380966618888,117.84138853429913,169.0,25.0,-0.44391962857654343,-0.44391962857654343,51.17877178868288,-2.0182549302119135,27.018254930211913,-0.44452640230317964
4360000000,4370000000,51.138495565020406,-2.0093704699031143,27.009370469903114,118.1115044349796,169.25,25.0,-0.4433076611805138,-0.4433076611805138,51.15861146570087,-2.0138096661888802,27.01380966618888,-0.44391962857654343
4370000000,4380000000,51.11842402570443,-2.0049373932913106,27.00493739329131,118.38157597429557,169.5,25.0,-0.4426906128257293,-0.4426906128257293,51.138495565020406,-2.0093704699031143,27.009370469903114,-0.4433076611805138
4380000000,4390000000,51.09839678630216,-2.000510487163055,27.000510487163055,118.65160321369784,169.75,25.0,-0.4420685944309606,-0.4420685944309606,51.11842402570443,-2.0049373932913106,27.00493739329131,-0.4426906128257293
4390000000,4400000000,51.07841378486026,-1.9960898012187442,26.996089801218744,118.92158621513974,170.0,25.0,-0.44144171515051367,-0.44144171515051367,51.09839678630216,-2.000510487163055,27.000510487163055,-0.4420685944309606
4400000000,4410000000,51.05847495893383,-1.9916753840672392,26.99167538406724,119.19152504106617,170.25,25.0,-0.44081008240124286,-0.44081008240124286,51.07841378486026,-1.9960898012187442,26.996089801218744,-0.44144171515051367
4410000000,4420000000,51.038580245597274,-1.9872672832432272,26.987267283243227,119.46141975440273,170.5,25.0,-0.44017380188914834,-0.44017380188914834,51.05847495893383,-1.9916753840672392,26.99167538406724,-0.44081008240124286
4420000000,4430000000,51.018729581454934,-1.9828655452243353,26.982865545224335,119.73127041854507,170.75,25.0,-0.439532977635521,-0.439532977635521,51.038580245597274,-1.9872672832432272,26.987267283243227,-0.44017380188914834
4430000000,4440000000,50.99892290265157,-1.978470215447981,26.97847021544798,120.00107709734843,171.0,25.0,-0.4388877120027501,-0.4388877120027501,51.018729581454934,-1.9828655452243353,26.982865545224335,-0.439532977635521
4440000000,4450000000,50.979160144882684,-1.9740813383279523,26.974081338327952,120.27083985511732,171.25,25.0,-0.43823810571971644,-0.43823810571971644,50.99892290265157,-1.978470215447981,26.97847021544798,-0.4388877120027501
4450000000,4460000000,50.9594412434047,-1.9696989572707544,26.969698957270754,120.5405587565953,171.5,25.0,-0.4375842579067788,-0.4375842579067788,50.979160144882684,-1.9740813383279523,26.974081338327952,-0.43823810571971644
4460000000,4470000000,50.939766133044884,-1.9653231146916852,26.965323114691685,120.81023386695512,171.75,25.0,-0.43692626610040786,-0.43692626610040786,50.9594412434047,-1.9696989572707544,26.969698957270754,-0.4375842579067788
4470000000,4480000000,50.92013474821127,-1.9609538520306806,26.96095385203068,121.07986525178873,172.0,25.0,-0.43626422627744743,-0.43626422627744743,50.939766133044884,-1.9653231146916852,26.965323114691685,-0.43692626610040786
4480000000,4490000000,50.90054702290227,-1.9565912097679075,26.956591209767907,121.34945297709773,172.25,25.0,-0.4355982328789796,-0.4355982328789796,50.92013474821127,-1.9609538520306806,26.96095385203068,-0.43626422627744743
4490000000,4500000000,50.881002890716246,-1.9522352274391181,26.952235227439118,121.61899710928375,172.5,25.0,-0.4349283788338445,-0.4349283788338445,50.90054702290227,-1.9565912097679075,26.956591209767907,-0.4355982328789796
4500000000,4510000000,50.86150228486079,-1.9478859436507783,26.94788594365078,121.88849771513921,172.75,25.0,-0.43425475558179283,-0.43425475558179283,50.881002890716246,-1.9522352274391181,26.952235227439118,-0.4349283788338445
4510000000,4520000000,50.842045138162064,-1.9435433960949595,26.94354339609496,122.15795486183794,173.0,25.0,-0.43357745309631635,-0.43357745309631635,50.86150228486079,-1.9478859436507783,26.94788594365078,-0.43425475558179283
4520000000,4530000000,50.82263138307377,-1.9392076215639946,26.939207621563995,122.42736861692623,173.25,25.0,-0.4328965599070844,-0.4328965599070844,50.842045138162064,-1.9435433960949595,26.94354339609496,-0.43357745309631635
4530000000,4540000000,50.80326095168613,-1.9348786559649227,26.934878655964923,122.69673904831387,173.5,25.0,-0.43221216312207145,-0.43221216312207145,50.82263138307377,-1.9392076215639946,26.939207621563995,-0.4328965599070844
4540000000,4550000000,50.78393377573464,-1.9305565343337037,26.930556534333704,122.96606622426536,173.75,25.0,-0.4315243484493472,-0.4315243484493472,50.80326095168613,-1.9348786559649227,26.934878655964923,-0.43221216312207145
4550000000,4560000000,50.76464978660873,-1.9262412908492088,26.92624129084921,123.23535021339127,174.0,25.0,-0.43083320021851534,-0.43083320021851534,50.78393377573464,-1.9305565343337037,26.930556534333704,-0.4315243484493472
4560000000,4570000000,50.745408915360244,-1.921932958847023,26.921932958847023,123.50459108463976,174.25,25.0,-0.4301388014018308,-0.4301388014018308,50.76464978660873,-1.9262412908492088,26.92624129084921,-0.43083320021851534
4570000000,4580000000,50.72621109271185,-1.9176315708330058,26.917631570833006,123.77378890728815,174.5,25.0,-0.42944123363502973,-0.42944123363502973,50.745408915360244,-1.921932958847023,26.921932958847023,-0.4301388014018308
4580000000,4590000000,50.70705624906519,-1.913337158496656,26.913337158496656,124.04294375093481,174.75,25.0,-0.428740577237787,-0.428740577237787,50.72621109271185,-1.9176315708330058,26.917631570833006,-0.42944123363502973
4590000000,4600000000,50.68794431450908,-1.909049752724279,26.90904975272428,124.31205568549092,175.0,25.0,-0.42803691123391485,-0.42803691123391485,50.70705624906519,-1.913337158496656,26.913337158496656,-0.428740577237787
4600000000,4610000000,50.668875218827395,-1.9047693836119386,26.90476938361194,124.5811247811726,175.25,25.0,-0.4273303133712014,-0.4273303133712014,50.68794431450908,-1.909049752724279,26.90904975272428,-0.42803691123391485
4610000000,4620000000,50.64984889150695,-1.9004960804782272,26.900496080478227,124.85015110849305,175.5,25.0,-0.4266208601410062,-0.4266208601410062,50.668875218827395,-1.9047693836119386,26.90476938361194,-0.4273303133712014
4620000000,4630000000,50.63086526174517,-1.896229871876816,26.896229871876816,125.11913473825483,175.75,25.0,-0.4259086267975085,-0.4259086267975085,50.64984889150695,-1.9004960804782272,26.900496080478227,-0.4266208601410062
4630000000,4640000000,50.61192425845775,-1.8919707856088408,26.89197078560884,125.38807574154225,176.0,25.0,-0.4251936873766984,-0.4251936873766984,50.63086526174517,-1.896229871876816,26.896229871876816,-0.4259086267975085
4640000000,4650000000,50.593025810286036,-1.887718848735073,26.887718848735073,125.65697418971396,176.25,25.0,-0.42447611471504,-0.42447611471504,50.61192425845775,-1.8919707856088408,26.89197078560884,-0.4251936873766984
4650000000,4660000000,50.574169845604416,-1.8834740875879241,26.883474087587924,125.92583015439558,176.5,25.0,-0.4237559804678872,-0.4237559804678872,50.593025810286036,-1.887718848735073,26.887718848735073,-0.42447611471504
4660000000,4670000000,50.55535629252756,-1.8792365277832452,26.879236527783245,126.19464370747244,176.75,25.0,-0.42303335512762286,-0.42303335512762286,50.574169845604416,-1.8834740875879241,26.883474087587924,-0.4237559804678872
4670000000,4680000000,50.53658507891748,-1.8750061942319682,26.87500619423197,126.46341492108252,177.0,25.0,-0.4223083080414507,-0.4223083080414507,50.55535629252756,-1.8792365277832452,26.879236527783245,-0.42303335512762286
4680000000,4690000000,50.51785613239058,-1.8707831111515532,26.870783111151553,126.73214386760942,177.25,25.0,-0.42158090742902554,-0.42158090742902554,50.53658507891748,-1.8750061942319682,26.87500619423197,-0.4223083080414507
4690000000,4700000000,50.49916938032443,-1.8665673020772644,26.866567302077264,127.00083061967557,177.5,25.0,-0.42085122039972744,-0.42085122039972744,50.51785613239058,-1.8707831111515532,26.870783111151553,-0.42158090742902554
4700000000,4710000000,50.48052474986467,-1.8623587898732659,26.862358789873266,127.26947525013533,177.75,25.0,-0.42011931296972893,-0.42011931296972893,50.49916938032443,-1.8665673020772644,26.866567302077264,-0.42085122039972744
4710000000,4720000000,50.46192216793159,-1.8581575967435668,26.858157596743567,127.53807783206841,178.0,25.0,-0.4193852500787485,-0.4193852500787485,50.48052474986467,-1.8623587898732659,26.862358789873266,-0.42011931296972893
4720000000,4730000000,50.443361561226666,-1.8539637442427797,26.85396374424278,127.80663843877333,178.25,25.0,-0.41864909560659624,-0.41864909560659624,50.46192216793159,-1.8581575967435668,26.858157596743567,-0.4193852500787485
4730000000,4740000000,50.424842856239025,-1.8497772532867138,26.849777253286714,128.07515714376098,178.5,25.0,-0.41791091238946243,-0.41791091238946243,50.443361561226666,-1.8539637442427797,26.85396374424278,-0.41864909560659624
4740000000,4750000000,50.406365979251774,-1.8455981441628175,26.845598144162818,128.34363402074823,178.75,25.0,-0.4171707622359222,-0.4171707622359222,50.424842856239025,-1.8497772532867138,26.849777253286714,-0.41791091238946243
4750000000,4760000000,50.38793085634825,-1.8414264365404591,26.84142643654046,128.61206914365175,179.0,25.0,-0.41642870594273873,-0.41642870594273873,50.406365979251774,-1.8455981441628175,26.845598144162818,-0.4171707622359222
4760000000,4770000000,50.36953741341813,-1.837262149481031,26.83726214948103,128.88046258658187,179.25,25.0,-0.41568480331040525,-0.41568480331040525,50.38793085634825,-1.8414264365404591,26.84142643654046,-0.41642870594273873
4770000000,4780000000,50.35118557616349,-1.833105301447926,26.833105301447926,129.1488144238365,179.5,25.0,-0.414939113158433,-0.414939113158433,50.36953741341813,-1.837262149481031,26.83726214948103,-0.41568480331040525
4780000000,4790000000,50.332875270104665,-1.828955910316342,26.828955910316342,129.41712472989533,179.75,25.0,-0.41419169334045103,-0.41419169334045103,50.35118557616349,-1.833105301447926,26.833105301447926,-0.414939113158433
4790000000,4800000000,50.31460642058619,-1.8248139933829357,26.824813993382936,129.6853935794138,180.0,25.0,-0.4134426007590577,-0.4134426007590577,50.332875270104665,-1.828955910316342,26.828955910316342,-0.41419169334045103
4800000000,4810000000,50.29637895278239,-1.8206795673753469,26.820679567375347,129.9536210472176,180.25,25.0,-0.41269189138039897,-0.41269189138039897,50.31460642058619,-1.8248139933829357,26.824813993382936,-0.4134426007590577
4810000000,4820000000,50.27819279170319,-1.816552648461542,26.816552648461542,130.2218072082968,180.5,25.0,-0.4119396202486363,-0.4119396202486363,50.29637895278239,-1.8206795673753469,26.820679567375347,-0.41269189138039897
4820000000,4830000000,50.2600478621996,-1.812433252259055,26.812433252259055,130.4899521378004,180.75,25.0,-0.411185841500044,-0.411185841500044,50.27819279170319,-1.816552648461542,26.816552648461542,-0.4119396202486363
4830000000,4840000000,50.24194408896906,-1.8083213938440537,26.808321393844054,130.75805591103094,181.0,25.0,-0.41043060837700995,-0.41043060837700995,50.2600478621996,-1.812433252259055,26.812433252259055,-0.411185841500044
4840000000,4850000000,50.22388139656104,-1.8042170877602821,26.804217087760282,131.02611860343896,181.25,25.0,-0.4096739732418202,-0.4096739732418202,50.24194408896906,-1.8083213938440537,26.808321393844054,-0.41043060837700995
4850000000,4860000000,50.20585970938208,-1.800120348027864,26.800120348027864,131.29414029061792,181.5,25.0,-0.4089159875901234,-0.4089159875901234,50.22388139656104,-1.8042170877602821,26.804217087760282,-0.4096739732418202
4860000000,4870000000,50.18787895170118,-1.7960311881519644,26.796031188151964,131.56212104829882,181.75,25.0,-0.4081567020643371,-0.4081567020643371,50.20585970938208,-1.800120348027864,26.800120348027864,-0.4089159875901234
4870000000,4880000000,50.169939047654765,-1.7919496211313195,26.79194962113132,131.83006095234524,182.0,25.0,-0.4073961664667243,-0.4073961664667243,50.18787895170118,-1.7960311881519644,26.796031188151964,-0.4081567020643371
4880000000,4890000000,50.15203992125177,-1.7878756594666534,26.787875659466653,132.09796007874823,182.25,25.0,-0.40663442977235786,-0.40663442977235786,50.169939047654765,-1.7919496211313195,26.79194962113132,-0.4073961664667243
4890000000,4900000000,50.1341814963786,-1.7838093151689307,26.78380931516893,132.3658185036214,182.5,25.0,-0.4058715401418582,-0.4058715401418582,50.15203992125177,-1.7878756594666534,26.787875659466653,-0.40663442977235786
4900000000,4910000000,50.116363696803916,-1.7797505997675138,26.779750599767514,132.63363630319608,182.75,25.0,-0.4051075449338959,-0.4051075449338959,50.1341814963786,-1.7838093151689307,26.78380931516893,-0.4058715401418582
4910000000,4920000000,50.0985864461835,-1.7756995243181741,26.775699524318174,132.9014135538165,183.0,25.0,-0.40434249071759143,-0.40434249071759143,50.116363696803916,-1.7797505997675138,26.779750599767514,-0.4051075449338959
4920000000,4930000000,50.08084966806484,-1.7716560994109969,26.771656099410997,133.16915033193516,183.25,25.0,-0.4035764232846246,-0.4035764232846246,50.0985864461835,-1.7756995243181741,26.775699524318174,-0.40434249071759143
4930000000,4940000000,50.0631532858919,-1.767620335178151,26.76762033517815,133.4368467141081,183.5,25.0,-0.4028093876612757,-0.4028093876612757,50.08084966806484,-1.7716560994109969,26.771656099410997,-0.4035764232846246
4940000000,4950000000,50.045497223009505,-1.763592241301538,26.763592241301538,133.7045027769905,183.75,25.0,-0.4020414281201454,-0.4020414281201454,50.0631532858919,-1.767620335178151,26.76762033517815,-0.4028093876612757
4950000000,4960000000,50.0278814026679,-1.7595718270203378,26.759571827020338,133.9721185973321,184.0,25.0,-0.401272588191826,-0.401272588191826,50.045497223009505,-1.763592241301538,26.763592241301538,-0.4020414281201454
4960000000,4970000000,50.01030574802712,-1.7555591011384202,26.75555910113842,134.23969425197288,184.25,25.0,-0.40050291067631694,-0.40050291067631694,50.0278814026679,-1.7595718270203378,26.759571827020338,-0.401272588191826
4970000000,4980000000,49.99277018216128,-1.7515540720316558,26.751554072031656,134.50722981783872,184.5,25.0,-0.3997324376542828,-0.3997324376542828,50.01030574802712,-1.7555591011384202,26.75555910113842,-0.40050291067631694
4980000000,4990000000,49.975274628062834,-1.7475567476551142,26.747556747655114,134.77472537193717,184.75,25.0,-0.398961210498159,-0.398961210498159,49.99277018216128,-1.7515540720316558,26.751554072031656,-0.3997324376542828
4990000000,5000000000,49.95781900864682,-1.7435671355501334,26.743567135550133,135.04218099135318,185.0,25.0,-0.3981892698830807,-0.3981892698830807,49.975274628062834,-1.7475567476551142,26.747556747655114,-0.398961210498159
