publication_ns,interval_end_ns,gap_m,relative_speed_mps,ego_speed_mps,ego_position_m,lead_position_m,lead_speed_mps,published_command_mps2,controller_output_mps2,sampled_gap_m,sampled_relative_speed_mps,sampled_ego_speed_mps,applied_mps2
0,10000000,60.0,0.0,25.0,0.25,60.25,25.0,1.5,1.5,60.0,0.0,25.0,0.0
10000000,20000000,59.999925,-0.015000000000000568,25.015,0.500075,60.5,25.0,1.5,1.5,60.0,0.0,25.0,1.5
20000000,30000000,59.9997,-0.030000000000001137,25.03,0.7503000000000001,60.75,25.0,1.5,1.5,59.999925,-0.015000000000000568,25.015,1.5
30000000,40000000,59.999325,-0.045000000000001705,25.045,1.0006750000000002,61.0,25.0,1.5,1.5,59.9997,-0.030000000000001137,25.03,1.5
40000000,50000000,59.9988,-0.060000000000002274,25.060000000000002,1.2512000000000003,61.25,25.0,1.5,1.5,59.999325,-0.045000000000001705,25.045,1.5
50000000,60000000,59.998125,-0.07500000000000284,25.075000000000003,1.5018750000000003,61.5,25.0,1.5,1.5,59.9988,-0.060000000000002274,25.060000000000002,1.5
60000000,70000000,59.9973,-0.09000000000000341,25.090000000000003,1.7527000000000004,61.75,25.0,1.5,1.5,59.998125,-0.07500000000000284,25.075000000000003,1.5
70000000,80000000,59.996325,-0.10500000000000398,25.105000000000004,2.0036750000000003,62.0,25.0,1.5,1.5,59.9973,-0.09000000000000341,25.090000000000003,1.5
80000000,90000000,59.9952,-0.12000000000000455,25.120000000000005,2.2548000000000004,62.25,25.0,1.5,1.5,59.996325,-0.10500000000000398,25.105000000000004,1.5
90000000,100000000,59.993925,-0.13500000000000512,25.135000000000005,2.506075,62.5,25.0,1.5,1.5,59.9952,-0.12000000000000455,25.120000000000005,1.5
100000000,110000000,59.9925,-0.15000000000000568,25.150000000000006,2.7575,62.75,25.0,1.5,1.5,59.993925,-0.13500000000000512,25.135000000000005,1.5
110000000,120000000,59.990925,-0.16500000000000625,25.165000000000006,3.0090749999999997,63.0,25.0,1.5,1.5,59.9925,-0.15000000000000568,25.150000000000006,1.5
120000000,130000000,59.9892,-0.18000000000000682,25.180000000000007,3.2607999999999997,63.25,25.0,1.5,1.5,59.990925,-0.16500000000000625,25.165000000000006,1.5
130000000,140000000,59.987325,-0.1950000000000074,25.195000000000007,3.5126749999999998,63.5,25.0,1.5,1.5,59.9892,-0.18000000000000682,25.180000000000007,1.5
140000000,150000000,59.9853,-0.21000000000000796,25.210000000000008,3.7646999999999995,63.75,25.0,1.5,1.5,59.987325,-0.1950000000000074,25.195000000000007,1.5
150000000,160000000,59.983125,-0.22500000000000853,25.22500000000001,4.016875,64.0,25.0,1.5,1.5,59.9853,-0.21000000000000796,25.210000000000008,1.5
160000000,170000000,59.9808,-0.2400000000000091,25.24000000000001,4.2692,64.25,25.0,1.5,1.5,59.983125,-0.22500000000000853,25.22500000000001,1.5
170000000,180000000,59.978325,-0.25500000000000966,25.25500000000001,4.521674999999999,64.5,25.0,1.5,1.5,59.9808,-0.2400000000000091,25.24000000000001,1.5
180000000,190000000,59.9757,-0.27000000000001023,25.27000000000001,4.774299999999999,64.75,25.0,1.5,1.5,59.978325,-0.25500000000000966,25.25500000000001,1.5
190000000,200000000,59.972925000000004,-0.2850000000000108,25.28500000000001,5.027074999999999,65.0,25.0,1.5,1.5,59.9757,-0.27000000000001023,25.27000000000001,1.5
200000000,210000000,59.97,-0.30000000000001137,25.30000000000001,5.279999999999999,65.25,25.0,1.5,1.5,59.972925000000004,-0.2850000000000108,25.28500000000001,1.5
210000000,220000000,59.966925,-0.31500000000001194,25.315000000000012,5.533074999999999,65.5,25.0,1.5,1.5,59.97,-0.30000000000001137,25.30000000000001,1.5
220000000,230000000,59.9637,-0.3300000000000125,25.330000000000013,5.786299999999999,65.75,25.0,1.5,1.5,59.966925,-0.31500000000001194,25.315000000000012,1.5
230000000,240000000,59.960325,-0.3450000000000131,25.345000000000013,6.039674999999999,66.0,25.0,1.5,1.5,59.9637,-0.3300000000000125,25.330000000000013,1.5
240000000,250000000,59.9568,-0.36000000000001364,25.360000000000014,6.293199999999999,66.25,25.0,1.5,1.5,59.960325,-0.3450000000000131,25.345000000000013,1.5
250000000,260000000,59.953125,-0.3750000000000142,25.375000000000014,6.546874999999999,66.5,25.0,1.5,1.5,59.9568,-0.36000000000001364,25.360000000000014,1.5
260000000,270000000,59.9493,-0.3900000000000148,25.390000000000015,6.800699999999999,66.75,25.0,1.5,1.5,59.953125,-0.3750000000000142,25.375000000000014,1.5
270000000,280000000,59.945325000000004,-0.40500000000001535,25.405000000000015,7.054674999999999,67.0,25.0,1.5,1.5,59.9493,-0.3900000000000148,25.390000000000015,1.5
280000000,290000000,59.9412,-0.4200000000000159,25.420000000000016,7.308799999999999,67.25,25.0,1.5,1.5,59.945325000000004,-0.40500000000001535,25.405000000000015,1.5
290000000,300000000,59.936925,-0.4350000000000165,25.435000000000016,7.563074999999999,67.5,25.0,1.5,1.5,59.9412,-0.4200000000000159,25.420000000000016,1.5
300000000,310000000,59.932500000000005,-0.45000000000001705,25.450000000000017,7.817499999999999,67.75,25.0,1.5,1.5,59.936925,-0.4350000000000165,25.435000000000016,1.5
310000000,320000000,59.927925,-0.4650000000000176,25.465000000000018,8.072075,68.0,25.0,1.5,1.5,59.932500000000005,-0.45000000000001705,25.450000000000017,1.5
320000000,330000000,59.9232,-0.4800000000000182,25.480000000000018,8.3268,68.25,25.0,1.5,1.5,59.927925,-0.4650000000000176,25.465000000000018,1.5
330000000,340000000,59.918324999999996,-0.49500000000001876,25.49500000000002,8.581675,68.5,25.0,1.5,1.5,59.9232,-0.4800000000000182,25.480000000000018,1.5
340000000,350000000,59.9133,-0.5100000000000193,25.51000000000002,8.836700000000002,68.75,25.0,1.5,1.5,59.918324999999996,-0.49500000000001876,25.49500000000002,1.5
350000000,360000000,59.908125,-0.5250000000000199,25.52500000000002,9.091875000000003,69.0,25.0,1.5,1.5,59.9133,-0.5100000000000193,25.51000000000002,1.5
360000000,370000000,59.9028,-0.5400000000000205,25.54000000000002,9.347200000000004,69.25,25.0,1.5,1.5,59.908125,-0.5250000000000199,25.52500000000002,1.5
370000000,380000000,59.897324999999995,-0.555000000000021,25.55500000000002,9.602675000000005,69.5,25.0,1.5,1.5,59.9028,-0.5400000000000205,25.54000000000002,1.5
380000000,390000000,59.89169999999999,-0.5700000000000216,25.57000000000002,9.858300000000005,69.75,25.0,1.5,1.5,59.897324999999995,-0.555000000000021,25.55500000000002,1.5
390000000,400000000,59.88592499999999,-0.5850000000000222,25.585000000000022,10.114075000000007,70.0,25.0,1.5,1.5,59.89169999999999,-0.5700000000000216,25.57000000000002,1.5
400000000,410000000,59.879999999999995,-0.6000000000000227,25.600000000000023,10.370000000000008,70.25,25.0,1.5,1.5,59.88592499999999,-0.5850000000000222,25.585000000000022,1.5
410000000,420000000,59.87392499999999,-0.6150000000000233,25.615000000000023,10.626075000000009,70.5,25.0,1.5,1.5,59.879999999999995,-0.6000000000000227,25.600000000000023,1.5
420000000,430000000,59.86769999999999,-0.6300000000000239,25.630000000000024,10.88230000000001,70.75,25.0,1.5,1.5,59.87392499999999,-0.6150000000000233,25.615000000000023,1.5
430000000,440000000,59.861324999999994,-0.6450000000000244,25.645000000000024,11.13867500000001,71.0,25.0,1.5,1.5,59.86769999999999,-0.6300000000000239,25.630000000000024,1.5
440000000,450000000,59.85479999999999,-0.660000000000025,25.660000000000025,11.395200000000012,71.25,25.0,1.5,1.5,59.861324999999994,-0.6450000000000244,25.645000000000024,1.5
450000000,460000000,59.84812499999999,-0.6750000000000256,25.675000000000026,11.651875000000013,71.5,25.0,1.5,1.5,59.85479999999999,-0.660000000000025,25.660000000000025,1.5
460000000,470000000,59.84129999999999,-0.6900000000000261,25.690000000000026,11.908700000000014,71.75,25.0,1.5,1.5,59.84812499999999,-0.6750000000000256,25.675000000000026,1.5
470000000,480000000,59.834324999999986,-0.7050000000000267,25.705000000000027,12.165675000000014,72.0,25.0,1.5,1.5,59.84129999999999,-0.6900000000000261,25.690000000000026,1.5
480000000,490000000,59.82719999999998,-0.7200000000000273,25.720000000000027,12.422800000000015,72.25,25.0,1.5,1.5,59.834324999999986,-0.7050000000000267,25.705000000000027,1.5
490000000,500000000,59.819924999999984,-0.7350000000000279,25.735000000000028,12.680075000000016,72.5,25.0,1.5,1.5,59.82719999999998,-0.7200000000000273,25.720000000000027,1.5
500000000,510000000,59.812499999999986,-0.7500000000000284,25.75000000000003,12.937500000000018,72.75,25.0,1.5,1.5,59.819924999999984,-0.7350000000000279,25.735000000000028,1.5
510000000,520000000,59.80492499999998,-0.765000000000029,25.76500000000003,13.195075000000019,73.0,25.0,1.5,1.5,59.812499999999986,-0.7500000000000284,25.75000000000003,1.5
520000000,530000000,59.79719999999998,-0.7800000000000296,25.78000000000003,13.45280000000002,73.25,25.0,1.5,1.5,59.80492499999998,-0.765000000000029,25.76500000000003,1.5
530000000,540000000,59.78932499999998,-0.7950000000000301,25.79500000000003,13.71067500000002,73.5,25.0,1.5,1.5,59.79719999999998,-0.7800000000000296,25.78000000000003,1.5
540000000,550000000,59.78129999999998,-0.8100000000000307,25.81000000000003,13.968700000000021,73.75,25.0,1.5,1.5,59.78932499999998,-0.7950000000000301,25.79500000000003,1.5
550000000,560000000,59.77312499999998,-0.8250000000000313,25.82500000000003,14.226875000000023,74.0,25.0,1.5,1.5,59.78129999999998,-0.8100000000000307,25.81000000000003,1.5
560000000,570000000,59.76479999999998,-0.8400000000000318,25.840000000000032,14.485200000000024,74.25,25.0,1.5,1.5,59.77312499999998,-0.8250000000000313,25.82500000000003,1.5
570000000,580000000,59.756324999999975,-0.8550000000000324,25.855000000000032,14.743675000000025,74.5,25.0,1.5,1.5,59.76479999999998,-0.8400000000000318,25.840000000000032,1.5
580000000,590000000,59.74769999999997,-0.870000000000033,25.870000000000033,15.002300000000025,74.75,25.0,1.5,1.5,59.756324999999975,-0.8550000000000324,25.855000000000032,1.5
590000000,600000000,59.73892499999997,-0.8850000000000335,25.885000000000034,15.261075000000027,75.0,25.0,1.5,1.5,59.74769999999997,-0.870000000000033,25.870000000000033,1.5
600000000,610000000,59.729999999999976,-0.9000000000000341,25.900000000000034,15.520000000000028,75.25,25.0,1.5,1.5,59.73892499999997,-0.8850000000000335,25.885000000000034,1.5
610000000,620000000,59.72092499999997,-0.9150000000000347,25.915000000000035,15.779075000000029,75.5,25.0,1.5,1.5,59.729999999999976,-0.9000000000000341,25.900000000000034,1.5
620000000,630000000,59.71169999999997,-0.9300000000000352,25.930000000000035,16.038300000000028,75.75,25.0,1.5,1.5,59.72092499999997,-0.9150000000000347,25.915000000000035,1.5
630000000,640000000,59.70232499999997,-0.9450000000000358,25.945000000000036,16.297675000000027,76.0,25.0,1.5,1.5,59.71169999999997,-0.9300000000000352,25.930000000000035,1.5
640000000,650000000,59.69279999999998,-0.9600000000000364,25.960000000000036,16.557200000000027,76.25,25.0,1.5,1.5,59.70232499999997,-0.9450000000000358,25.945000000000036,1.5
650000000,660000000,59.683124999999976,-0.975000000000037,25.975000000000037,16.816875000000024,76.5,25.0,1.5,1.5,59.69279999999998,-0.9600000000000364,25.960000000000036,1.5
660000000,670000000,59.673299999999976,-0.9900000000000375,25.990000000000038,17.076700000000024,76.75,25.0,1.5,1.5,59.683124999999976,-0.975000000000037,25.975000000000037,1.5
670000000,680000000,59.66332499999997,-1.005000000000038,26.005000000000038,17.336675000000024,77.0,25.0,1.5,1.5,59.673299999999976,-0.9900000000000375,25.990000000000038,1.5
680000000,690000000,59.65319999999998,-1.0200000000000387,26.02000000000004,17.596800000000023,77.25,25.0,1.5,1.5,59.66332499999997,-1.005000000000038,26.005000000000038,1.5
690000000,700000000,59.64292499999998,-1.0350000000000392,26.03500000000004,17.857075000000023,77.5,25.0,1.5,1.5,59.65319999999998,-1.0200000000000387,26.02000000000004,1.5
700000000,710000000,59.63249999999998,-1.0500000000000398,26.05000000000004,18.11750000000002,77.75,25.0,1.5,1.5,59.64292499999998,-1.0350000000000392,26.03500000000004,1.5
710000000,720000000,59.621924999999976,-1.0650000000000404,26.06500000000004,18.37807500000002,78.0,25.0,1.5,1.5,59.63249999999998,-1.0500000000000398,26.05000000000004,1.5
720000000,730000000,59.61119999999998,-1.080000000000041,26.08000000000004,18.63880000000002,78.25,25.0,1.5,1.5,59.621924999999976,-1.0650000000000404,26.06500000000004,1.5
730000000,740000000,59.600324999999984,-1.0950000000000415,26.09500000000004,18.89967500000002,78.5,25.0,1.5,1.5,59.61119999999998,-1.080000000000041,26.08000000000004,1.5
740000000,750000000,59.58929999999998,-1.110000000000042,26.110000000000042,19.16070000000002,78.75,25.0,1.5,1.5,59.600324999999984,-1.0950000000000415,26.09500000000004,1.5
750000000,760000000,59.578124999999986,-1.1250000000000426,26.125000000000043,19.421875000000018,79.0,25.0,1.5,1.5,59.58929999999998,-1.110000000000042,26.110000000000042,1.5
760000000,770000000,59.566799999999986,-1.1400000000000432,26.140000000000043,19.683200000000017,79.25,25.0,1.5,1.5,59.578124999999986,-1.1250000000000426,26.125000000000043,1.5
770000000,780000000,59.55532499999998,-1.1550000000000438,26.155000000000044,19.944675000000018,79.5,25.0,1.5,1.5,59.566799999999986,-1.1400000000000432,26.140000000000043,1.5
780000000,790000000,59.54369999999999,-1.1700000000000443,26.170000000000044,20.206300000000017,79.75,25.0,1.5,1.5,59.55532499999998,-1.1550000000000438,26.155000000000044,1.5
790000000,800000000,59.53192499999999,-1.185000000000045,26.185000000000045,20.468075000000017,80.0,25.0,1.5,1.5,59.54369999999999,-1.1700000000000443,26.170000000000044,1.5
800000000,810000000,59.51999999999998,-1.2000000000000455,26.200000000000045,20.730000000000015,80.25,25.0,1.5,1.5,59.53192499999999,-1.185000000000045,26.185000000000045,1.5
810000000,820000000,59.507924999999986,-1.215000000000046,26.215000000000046,20.992075000000014,80.5,25.0,1.5,1.5,59.51999999999998,-1.2000000000000455,26.200000000000045,1.5
820000000,830000000,59.495699999999985,-1.2300000000000466,26.230000000000047,21.254300000000015,80.75,25.0,1.5,1.5,59.507924999999986,-1.215000000000046,26.215000000000046,1.5
830000000,840000000,59.48332499999999,-1.2450000000000472,26.245000000000047,21.516675000000014,81.0,25.0,1.5,1.5,59.495699999999985,-1.2300000000000466,26.230000000000047,1.5
840000000,850000000,59.47079999999998,-1.2600000000000477,26.260000000000048,21.779200000000014,81.25,25.0,1.5,1.5,59.48332499999999,-1.2450000000000472,26.245000000000047,1.5
850000000,860000000,59.45812499999999,-1.2750000000000483,26.27500000000005,22.04187500000001,81.5,25.0,1.5,1.5,59.47079999999998,-1.2600000000000477,26.260000000000048,1.5
860000000,870000000,59.44529999999999,-1.2900000000000489,26.29000000000005,22.30470000000001,81.75,25.0,1.5,1.5,59.45812499999999,-1.2750000000000483,26.27500000000005,1.5
870000000,880000000,59.43232499999999,-1.3050000000000495,26.30500000000005,22.567675000000012,82.0,25.0,1.5,1.5,59.44529999999999,-1.2900000000000489,26.29000000000005,1.5
880000000,890000000,59.41919999999999,-1.32000000000005,26.32000000000005,22.83080000000001,82.25,25.0,1.5,1.5,59.43232499999999,-1.3050000000000495,26.30500000000005,1.5
890000000,900000000,59.40592499999999,-1.3350000000000506,26.33500000000005,23.09407500000001,82.5,25.0,1.5,1.5,59.41919999999999,-1.32000000000005,26.32000000000005,1.5
900000000,910000000,59.39249999999999,-1.3500000000000512,26.35000000000005,23.35750000000001,82.75,25.0,1.5,1.5,59.40592499999999,-1.3350000000000506,26.33500000000005,1.5
910000000,920000000,59.378924999999995,-1.3650000000000517,26.36500000000005,23.62107500000001,83.0,25.0,1.5,1.5,59.39249999999999,-1.3500000000000512,26.35000000000005,1.5
920000000,930000000,59.36519999999999,-1.3800000000000523,26.380000000000052,23.88480000000001,83.25,25.0,1.5,1.5,59.378924999999995,-1.3650000000000517,26.36500000000005,1.5
930000000,940000000,59.35132499999999,-1.3950000000000529,26.395000000000053,24.148675000000008,83.5,25.0,1.5,1.5,59.36519999999999,-1.3800000000000523,26.380000000000052,1.5
940000000,950000000,59.33729999999999,-1.4100000000000534,26.410000000000053,24.412700000000008,83.75,25.0,1.5,1.5,59.35132499999999,-1.3950000000000529,26.395000000000053,1.5
950000000,960000000,59.32312499999999,-1.425000000000054,26.425000000000054,24.676875000000006,84.0,25.0,1.5,1.5,59.33729999999999,-1.4100000000000534,26.410000000000053,1.5
960000000,970000000,59.30879999999999,-1.4400000000000546,26.440000000000055,24.941200000000006,84.25,25.0,1.5,1.5,59.32312499999999,-1.425000000000054,26.425000000000054,1.5
970000000,980000000,59.29432499999999,-1.4550000000000551,26.455000000000055,25.205675000000006,84.5,25.0,1.5,1.5,59.30879999999999,-1.4400000000000546,26.440000000000055,1.5
980000000,990000000,59.27969999999999,-1.4700000000000557,26.470000000000056,25.470300000000005,84.75,25.0,1.5,1.5,59.29432499999999,-1.4550000000000551,26.455000000000055,1.5
990000000,1000000000,59.26492499999999,-1.4850000000000563,26.485000000000056,25.735075000000005,85.0,25.0,1.5,1.5,59.27969999999999,-1.4700000000000557,26.470000000000056,1.5
1000000000,1010000000,59.25,-1.5000000000000568,26.500000000000057,26.000000000000004,85.25,25.0,1.5,1.5,59.26492499999999,-1.4850000000000563,26.485000000000056,1.5
1010000000,1020000000,59.234925,-1.5150000000000574,26.515000000000057,26.265075000000003,85.5,25.0,1.5,1.5,59.25,-1.5000000000000568,26.500000000000057,1.5
1020000000,1030000000,59.219699999999996,-1.530000000000058,26.530000000000058,26.530300000000004,85.75,25.0,1.5,1.5,59.234925,-1.5150000000000574,26.515000000000057,1.5
1030000000,1040000000,59.204325,-1.5450000000000585,26.54500000000006,26.795675000000003,86.0,25.0,1.5,1.5,59.219699999999996,-1.530000000000058,26.530000000000058,1.5
1040000000,1050000000,59.1888,-1.5600000000000591,26.56000000000006,27.061200000000003,86.25,25.0,1.5,1.5,59.204325,-1.5450000000000585,26.54500000000006,1.5
1050000000,1060000000,59.173125,-1.5750000000000597,26.57500000000006,27.326875,86.5,25.0,1.5,1.5,59.1888,-1.5600000000000591,26.56000000000006,1.5
1060000000,1070000000,59.1573,-1.5900000000000603,26.59000000000006,27.5927,86.75,25.0,1.5,1.5,59.173125,-1.5750000000000597,26.57500000000006,1.5
1070000000,1080000000,59.141324999999995,-1.6050000000000608,26.60500000000006,27.858675,87.0,25.0,1.5,1.5,59.1573,-1.5900000000000603,26.59000000000006,1.5
1080000000,1090000000,59.1252,-1.6200000000000614,26.62000000000006,28.1248,87.25,25.0,1.5,1.5,59.141324999999995,-1.6050000000000608,26.60500000000006,1.5
1090000000,1100000000,59.108925,-1.635000000000062,26.635000000000062,28.391075,87.5,25.0,1.5,1.5,59.1252,-1.6200000000000614,26.62000000000006,1.5
1100000000,1110000000,59.0925,-1.6500000000000625,26.650000000000063,28.6575,87.75,25.0,1.5,1.5,59.108925,-1.635000000000062,26.635000000000062,1.5
1110000000,1120000000,59.075925,-1.665000000000063,26.665000000000063,28.924075,88.0,25.0,1.5,1.5,59.0925,-1.6500000000000625,26.650000000000063,1.5
1120000000,1130000000,59.059200000000004,-1.6800000000000637,26.680000000000064,29.1908,88.25,25.0,1.5,1.5,59.075925,-1.665000000000063,26.665000000000063,1.5
1130000000,1140000000,59.042325000000005,-1.6950000000000642,26.695000000000064,29.457675,88.5,25.0,1.5,1.5,59.059200000000004,-1.6800000000000637,26.680000000000064,1.5
1140000000,1150000000,59.0253,-1.7100000000000648,26.710000000000065,29.7247,88.75,25.0,1.5,1.5,59.042325000000005,-1.6950000000000642,26.695000000000064,1.5
1150000000,1160000000,59.00812500000001,-1.7250000000000654,26.725000000000065,29.991874999999997,89.0,25.0,1.5,1.5,59.0253,-1.7100000000000648,26.710000000000065,1.5
1160000000,1170000000,58.99080000000001,-1.740000000000066,26.740000000000066,30.259199999999996,89.25,25.0,1.5,1.5,59.00812500000001,-1.7250000000000654,26.725000000000065,1.5
1170000000,1180000000,58.973325,-1.7550000000000665,26.755000000000067,30.526674999999997,89.5,25.0,1.5,1.5,58.99080000000001,-1.740000000000066,26.740000000000066,1.5
1180000000,1190000000,58.95570000000001,-1.770000000000067,26.770000000000067,30.794299999999996,89.75,25.0,1.5,1.5,58.973325,-1.7550000000000665,26.755000000000067,1.5
1190000000,1200000000,58.93792500000001,-1.7850000000000676,26.785000000000068,31.062074999999997,90.0,25.0,1.5,1.5,58.95570000000001,-1.770000000000067,26.770000000000067,1.5
1200000000,1210000000,58.92,-1.8000000000000682,26.800000000000068,31.329999999999995,90.25,25.0,1.5,1.5,58.93792500000001,-1.7850000000000676,26.785000000000068,1.5
1210000000,1220000000,58.901925000000006,-1.8150000000000688,26.81500000000007,31.598074999999994,90.5,25.0,1.5,1.5,58.92,-1.8000000000000682,26.800000000000068,1.5
1220000000,1230000000,58.883700000000005,-1.8300000000000693,26.83000000000007,31.866299999999995,90.75,25.0,1.5,1.5,58.901925000000006,-1.8150000000000688,26.81500000000007,1.5
1230000000,1240000000,58.865325,-1.84500000000007,26.84500000000007,32.134675,91.0,25.0,1.5,1.5,58.883700000000005,-1.8300000000000693,26.83000000000007,1.5
1240000000,1250000000,58.846799999999995,-1.8600000000000705,26.86000000000007,32.403200000000005,91.25,25.0,1.5,1.5,58.865325,-1.84500000000007,26.84500000000007,1.5
1250000000,1260000000,58.82812499999999,-1.875000000000071,26.87500000000007,32.67187500000001,91.5,25.0,1.5,1.5,58.846799999999995,-1.8600000000000705,26.86000000000007,1.5
1260000000,1270000000,58.809299999999986,-1.8900000000000716,26.89000000000007,32.940700000000014,91.75,25.0,1.5,1.5,58.82812499999999,-1.875000000000071,26.87500000000007,1.5
1270000000,1280000000,58.79032499999998,-1.9050000000000722,26.905000000000072,33.20967500000002,92.0,25.0,1.5,1.5,58.809299999999986,-1.8900000000000716,26.89000000000007,1.5
1280000000,1290000000,58.77119999999998,-1.9200000000000728,26.920000000000073,33.47880000000002,92.25,25.0,1.5,1.5,58.79032499999998,-1.9050000000000722,26.905000000000072,1.5
1290000000,1300000000,58.75192499999998,-1.9350000000000733,26.935000000000073,33.74807500000002,92.5,25.0,1.5,1.5,58.77119999999998,-1.9200000000000728,26.920000000000073,1.5
1300000000,1310000000,58.73249999999997,-1.950000000000074,26.950000000000074,34.01750000000003,92.75,25.0,1.5,1.5,58.75192499999998,-1.9350000000000733,26.935000000000073,1.5
1310000000,1320000000,58.71292499999997,-1.9650000000000745,26.965000000000074,34.28707500000003,93.0,25.0,1.5,1.5,58.73249999999997,-1.950000000000074,26.950000000000074,1.5
1320000000,1330000000,58.69319999999997,-1.980000000000075,26.980000000000075,34.55680000000003,93.25,25.0,1.5,1.5,58.71292499999997,-1.9650000000000745,26.965000000000074,1.5
1330000000,1340000000,58.67332499999996,-1.9950000000000756,26.995000000000076,34.82667500000004,93.5,25.0,1.5,1.5,58.69319999999997,-1.980000000000075,26.980000000000075,1.5
1340000000,1350000000,58.65329999999996,-2.010000000000076,27.010000000000076,35.09670000000004,93.75,25.0,1.5,1.5,58.67332499999996,-1.9950000000000756,26.995000000000076,1.5
1350000000,1360000000,58.63312499999996,-2.0250000000000767,27.025000000000077,35.36687500000004,94.0,25.0,1.5,1.5,58.65329999999996,-2.010000000000076,27.010000000000076,1.5
1360000000,1370000000,58.61279999999996,-2.0400000000000773,27.040000000000077,35.63720000000004,94.25,25.0,1.5,1.5,58.63312499999996,-2.0250000000000767,27.025000000000077,1.5
1370000000,1380000000,58.59232499999995,-2.055000000000078,27.055000000000078,35.90767500000005,94.5,25.0,1.5,1.5,58.61279999999996,-2.0400000000000773,27.040000000000077,1.5
1380000000,1390000000,58.57169999999995,-2.0700000000000784,27.07000000000008,36.17830000000005,94.75,25.0,1.5,1.5,58.59232499999995,-2.055000000000078,27.055000000000078,1.5
1390000000,1400000000,58.55092499999995,-2.085000000000079,27.08500000000008,36.44907500000005,95.0,25.0,1.5,1.5,58.57169999999995,-2.0700000000000784,27.07000000000008,1.5
1400000000,1410000000,58.529999999999944,-2.1000000000000796,27.10000000000008,36.720000000000056,95.25,25.0,1.5,1.5,58.55092499999995,-2.085000000000079,27.08500000000008,1.5
1410000000,1420000000,58.50892499999994,-2.11500000000008,27.11500000000008,36.99107500000006,95.5,25.0,1.5,1.5,58.529999999999944,-2.1000000000000796,27.10000000000008,1.5
1420000000,1430000000,58.48769999999994,-2.1300000000000807,27.13000000000008,37.26230000000006,95.75,25.0,1.5,1.5,58.50892499999994,-2.11500000000008,27.11500000000008,1.5
1430000000,1440000000,58.466324999999934,-2.1450000000000813,27.14500000000008,37.533675000000066,96.0,25.0,1.5,1.5,58.48769999999994,-2.1300000000000807,27.13000000000008,1.5
1440000000,1450000000,58.44479999999993,-2.160000000000082,27.160000000000082,37.80520000000007,96.25,25.0,1.5,1.5,58.466324999999934,-2.1450000000000813,27.14500000000008,1.5
1450000000,1460000000,58.42312499999993,-2.1750000000000824,27.175000000000082,38.07687500000007,96.5,25.0,1.5,1.5,58.44479999999993,-2.160000000000082,27.160000000000082,1.5
1460000000,1470000000,58.40129999999993,-2.190000000000083,27.190000000000083,38.34870000000007,96.75,25.0,1.5,1.5,58.42312499999993,-2.1750000000000824,27.175000000000082,1.5
1470000000,1480000000,58.37932499999992,-2.2050000000000836,27.205000000000084,38.62067500000008,97.0,25.0,1.5,1.5,58.40129999999993,-2.190000000000083,27.190000000000083,1.5
1480000000,1490000000,58.35719999999992,-2.220000000000084,27.220000000000084,38.89280000000008,97.25,25.0,1.5,1.5,58.37932499999992,-2.2050000000000836,27.205000000000084,1.5
1490000000,1500000000,58.33492499999992,-2.2350000000000847,27.235000000000085,39.16507500000008,97.5,25.0,1.5,1.5,58.35719999999992,-2.220000000000084,27.220000000000084,1.5
1500000000,1510000000,58.312499999999915,-2.2500000000000853,27.250000000000085,39.437500000000085,97.75,25.0,1.5,1.5,58.33492499999992,-2.2350000000000847,27.235000000000085,1.5
1510000000,1520000000,58.28992499999991,-2.265000000000086,27.265000000000086,39.71007500000009,98.0,25.0,1.5,1.5,58.312499999999915,-2.2500000000000853,27.250000000000085,1.5
1520000000,1530000000,58.26719999999991,-2.2800000000000864,27.280000000000086,39.98280000000009,98.25,25.0,1.5,1.5,58.28992499999991,-2.265000000000086,27.265000000000086,1.5
1530000000,1540000000,58.244324999999904,-2.295000000000087,27.295000000000087,40.255675000000096,98.5,25.0,1.5,1.5,58.26719999999991,-2.2800000000000864,27.280000000000086,1.5
1540000000,1550000000,58.2212999999999,-2.3100000000000875,27.310000000000088,40.5287000000001,98.75,25.0,1.5,1.5,58.244324999999904,-2.295000000000087,27.295000000000087,1.5
1550000000,1560000000,58.1981249999999,-2.325000000000088,27.325000000000088,40.8018750000001,99.0,25.0,1.5,1.5,58.2212999999999,-2.3100000000000875,27.310000000000088,1.5
1560000000,1570000000,58.1747999999999,-2.3400000000000887,27.34000000000009,41.0752000000001,99.25,25.0,1.4837187499998121,1.4837187499998121,58.1981249999999,-2.325000000000088,27.325000000000088,1.5
1570000000,1580000000,58.151325814062396,-2.354837187500088,27.354837187500088,41.348674185937604,99.5,25.0,1.4496799999998107,1.4496799999998107,58.1747999999999,-2.3400000000000887,27.34000000000009,1.4837187499998121
1580000000,1590000000,58.127704958187394,-2.369333987500088,27.369333987500088,41.622295041812606,99.75,25.0,1.4158698864841872,1.4158698864841872,58.151325814062396,-2.354837187500088,27.354837187500088,1.4496799999998107
1590000000,1600000000,58.10394082481807,-2.3834926863649315,27.38349268636493,41.89605917518193,100.0,25.0,1.3825956069279353,1.3825956069279353,58.127704958187394,-2.369333987500088,27.369333987500088,1.4158698864841872
1600000000,1610000000,58.08003676817407,-2.397318642434211,27.39731864243421,42.16996323182593,100.25,25.0,1.3498544047068166,1.3498544047068166,58.10394082481807,-2.3834926863649315,27.38349268636493,1.3825956069279353
1610000000,1620000000,58.05599608902949,-2.410817186481278,27.410817186481278,42.44400391097051,100.5,25.0,1.3176382106619102,1.3176382106619102,58.08003676817407,-2.397318642434211,27.39731864243421,1.3498544047068166
1620000000,1630000000,58.03182203525415,-2.423993568587896,27.423993568587896,42.71817796474585,100.75,25.0,1.2859389844801181,1.2859389844801181,58.05599608902949,-2.410817186481278,27.410817186481278,1.3176382106619102
1630000000,1640000000,58.00751780261905,-2.4368529584326986,27.4368529584327,42.99248219738095,101.0,25.0,1.2547488065248307,1.2547488065248307,58.03182203525415,-2.423993568587896,27.423993568587896,1.2859389844801181
1640000000,1650000000,57.983086535594396,-2.449400446497947,27.449400446497947,43.266913464405604,101.25,25.0,1.224059877620261,1.224059877620261,58.00751780261905,-2.4368529584326986,27.4368529584327,1.2547488065248307
1650000000,1660000000,57.958531328135535,-2.461641045274149,27.46164104527415,43.541468671864465,101.5,25.0,1.1938645172490796,1.1938645172490796,57.983086535594396,-2.449400446497947,27.449400446497947,1.224059877620261
1660000000,1670000000,57.93385522445693,-2.473579690446641,27.47357969044664,43.81614477554307,101.75,25.0,1.1641551617495307,1.1641551617495307,57.958531328135535,-2.461641045274149,27.46164104527415,1.1938645172490796
1670000000,1680000000,57.909061219794374,-2.485221242064135,27.485221242064135,44.090938780205626,102.0,25.0,1.1349243625394685,1.1349243625394685,57.93385522445693,-2.473579690446641,27.47357969044664,1.1641551617495307
1680000000,1690000000,57.884152261155606,-2.4965704856895314,27.49657048568953,44.365847738844394,102.25,25.0,1.1061647843673992,1.1061647843673992,57.909061219794374,-2.485221242064135,27.485221242064135,1.1349243625394685
1690000000,1700000000,57.85913124805949,-2.507632133533207,27.507632133533207,44.64086875194051,102.5,25.0,1.0778692035900206,1.0778692035900206,57.884152261155606,-2.4965704856895314,27.49657048568953,1.1061647843673992
1700000000,1710000000,57.83400103326398,-2.518410825569106,27.518410825569106,44.91599896673602,102.75,25.0,1.0500305064760398,1.0500305064760398,57.85913124805949,-2.507632133533207,27.507632133533207,1.0778692035900206
1710000000,1720000000,57.80876442348296,-2.5289111306338654,27.528911130633865,45.19123557651704,103.0,25.0,1.0226416875356859,1.0226416875356859,57.83400103326398,-2.518410825569106,27.518410825569106,1.0500305064760398
1720000000,1730000000,57.78342418009225,-2.539137547509224,27.539137547509224,45.46657581990775,103.25,25.0,0.9956958478756204,0.9956958478756204,57.80876442348296,-2.5289111306338654,27.528911130633865,1.0226416875356859
1730000000,1740000000,57.757983019824756,-2.5490945059879806,27.54909450598798,45.742016980175244,103.5,25.0,0.9691861935788757,0.9691861935788757,57.78342418009225,-2.539137547509224,27.539137547509224,0.9956958478756204
1740000000,1750000000,57.732443615455196,-2.5587863679237692,27.55878636792377,46.017556384544804,103.75,25.0,0.9431060341093978,0.9431060341093978,57.757983019824756,-2.5490945059879806,27.54909450598798,0.9691861935788757
1750000000,1760000000,57.706808596474254,-2.5682174282648624,27.568217428264862,46.293191403525746,104.0,25.0,0.9174487807408171,0.9174487807408171,57.732443615455196,-2.5587863679237692,27.55878636792377,0.9431060341093978
1760000000,1770000000,57.681080549752565,-2.577391916072269,27.57739191607227,46.568919450247435,104.25,25.0,0.8922079450091003,0.8922079450091003,57.706808596474254,-2.5682174282648624,27.568217428264862,0.9174487807408171
1770000000,1780000000,57.65526202019459,-2.58631399552236,27.58631399552236,46.84473797980541,104.5,25.0,0.867377137188734,0.867377137188734,57.681080549752565,-2.577391916072269,27.57739191607227,0.8922079450091003
1780000000,1790000000,57.62935551138251,-2.594987766894249,27.59498776689425,47.12064448861749,104.75,25.0,0.8429500647920354,0.8429500647920354,57.65526202019459,-2.58631399552236,27.58631399552236,0.867377137188734
1790000000,1800000000,57.60336348621033,-2.60341726754217,27.60341726754217,47.39663651378967,105.0,25.0,0.8189205310912975,0.8189205310912975,57.62935551138251,-2.594987766894249,27.59498776689425,0.8429500647920354
1800000000,1810000000,57.57728836750835,-2.611606472853083,27.611606472853083,47.67271163249165,105.25,25.0,0.7952824336633708,0.7952824336633708,57.60336348621033,-2.60341726754217,27.60341726754217,0.8189205310912975
1810000000,1820000000,57.55113253865814,-2.619559297189717,27.619559297189717,47.94886746134186,105.5,25.0,0.7720297629563548,0.7720297629563548,57.57728836750835,-2.611606472853083,27.611606472853083,0.7952824336633708
1820000000,1830000000,57.52489834419809,-2.6272795948192815,27.62727959481928,48.22510165580191,105.75,25.0,0.7491566008780848,0.7491566008780848,57.55113253865814,-2.619559297189717,27.619559297189717,0.7720297629563548
1830000000,1840000000,57.49858809041985,-2.6347711608280626,27.634771160828063,48.50141190958015,106.0,25.0,0.7266571194060725,0.7266571194060725,57.52489834419809,-2.6272795948192815,27.62727959481928,0.7491566008780848
1840000000,1850000000,57.4722040459556,-2.642037732022125,27.642037732022125,48.7777959540444,106.25,25.0,0.7045255792185401,0.7045255792185401,57.49858809041985,-2.6347711608280626,27.634771160828063,0.7266571194060725
1850000000,1860000000,57.44574844235642,-2.6490829878143103,27.64908298781431,49.05425155764358,106.5,25.0,0.6827563283462932,0.6827563283462932,57.4722040459556,-2.642037732022125,27.642037732022125,0.7045255792185401
1860000000,1870000000,57.419223474661855,-2.6559105510977723,27.655910551097772,49.330776525338145,106.75,25.0,0.661343800845061,0.661343800845061,57.44574844235642,-2.6490829878143103,27.64908298781431,0.6827563283462932
1870000000,1880000000,57.39263130196083,-2.662523989106223,27.662523989106223,49.60736869803917,107.0,25.0,0.6402825154879928,0.6402825154879928,57.419223474661855,-2.6559105510977723,27.655910551097772,0.661343800845061
1880000000,1890000000,57.365974047944,-2.668926814261102,27.668926814261102,49.884025952056,107.25,25.0,0.6195670744780561,0.6195670744780561,57.39263130196083,-2.662523989106223,27.662523989106223,0.6402825154879928
1890000000,1900000000,57.33925380144767,-2.6751224850058826,27.675122485005883,50.16074619855233,107.5,25.0,0.5991921621799983,0.5991921621799983,57.365974047944,-2.668926814261102,27.668926814261102,0.6195670744780561
1900000000,1910000000,57.3124726169895,-2.6811144066276817,27.68111440662768,50.4375273830105,107.75,25.0,0.5791525438715368,0.5791525438715368,57.33925380144767,-2.6751224850058826,27.675122485005883,0.5991921621799983
1910000000,1920000000,57.28563251529603,-2.6869059320663986,27.6869059320664,50.71436748470397,108.0,25.0,0.5594430645135757,0.5594430645135757,57.3124726169895,-2.6811144066276817,27.68111440662768,0.5791525438715368
1920000000,1930000000,57.258735483822136,-2.6925003627115345,27.692500362711534,50.991264516177864,108.25,25.0,0.5400586475390718,0.5400586475390718,57.28563251529603,-2.6869059320663986,27.6869059320664,0.5594430645135757
1930000000,1940000000,57.231783477262645,-2.6979009491869235,27.697900949186923,51.268216522737355,108.5,25.0,0.5209942936603515,0.5209942936603515,57.258735483822136,-2.6925003627115345,27.692500362711534,0.5400586475390718
1940000000,1950000000,57.204778418056094,-2.703110892123526,27.703110892123526,51.545221581943906,108.75,25.0,0.5022450796944842,0.5022450796944842,57.231783477262645,-2.6979009491869235,27.697900949186923,0.5209942936603515
1950000000,1960000000,57.17772219688087,-2.708133342920469,27.70813334292047,51.82227780311913,109.0,25.0,0.48380615740655175,0.48380615740655175,57.204778418056094,-2.703110892123526,27.703110892123526,0.5022450796944842
1960000000,1970000000,57.1506166731438,-2.712971404494535,27.712971404494535,52.0993833268562,109.25,25.0,0.46567275237049444,0.46567275237049444,57.17772219688087,-2.708133342920469,27.70813334292047,0.48380615740655175
1970000000,1980000000,57.12346367546124,-2.717628132018241,27.71762813201824,52.37653632453876,109.5,25.0,0.4478401628472577,0.4478401628472577,57.1506166731438,-2.712971404494535,27.712971404494535,0.46567275237049444
1980000000,1990000000,57.09626500213292,-2.7221065336467127,27.722106533646713,52.65373499786708,109.75,25.0,0.43030375867996584,0.43030375867996584,57.12346367546124,-2.717628132018241,27.71762813201824,0.4478401628472577
1990000000,2000000000,57.069022421608516,-2.726409571233514,27.726409571233514,52.930977578391484,110.0,25.0,0.41305898020594034,0.41305898020594034,57.09626500213292,-2.7221065336467127,27.722106533646713,0.43030375867996584
2000000000,2010000000,57.04173767294717,-2.7305401610355737,27.730540161035574,53.20826232705283,110.25,25.0,0.39610133718516893,0.39610133718516893,57.069022421608516,-2.726409571233514,27.726409571233514,0.41305898020594034
2010000000,2020000000,57.01441246626996,-2.734501174407427,27.734501174407427,53.48558753373004,110.5,25.0,0.3794264077451457,0.3794264077451457,57.04173767294717,-2.7305401610355737,27.730540161035574,0.39610133718516893
2020000000,2030000000,56.9870484832055,-2.7382954384848794,27.73829543848488,53.7629515167945,110.75,25.0,0.36302983734167427,0.36302983734167427,57.01441246626996,-2.734501174407427,27.734501174407427,0.3794264077451457
2030000000,2040000000,56.959647377328785,-2.7419257368582954,27.741925736858295,54.040352622671215,111.0,25.0,0.34690733773550786,0.34690733773550786,56.9870484832055,-2.7382954384848794,27.73829543848488,0.36302983734167427
2040000000,2050000000,56.932210774593315,-2.745394810235652,27.745394810235652,54.317789225406685,111.25,25.0,0.3310546859845145,0.3310546859845145,56.959647377328785,-2.7419257368582954,27.741925736858295,0.34690733773550786
2050000000,2060000000,56.90474027375666,-2.7487053570954956,27.748705357095496,54.59525972624334,111.5,25.0,0.3154677234511607,0.3154677234511607,56.932210774593315,-2.745394810235652,27.745394810235652,0.3310546859845145
2060000000,2070000000,56.877237446799526,-2.751860034330008,27.751860034330008,54.872762553200474,111.75,25.0,0.30014235482510143,0.30014235482510143,56.90474027375666,-2.7487053570954956,27.748705357095496,0.3154677234511607
2070000000,2080000000,56.84970383933849,-2.7548614578782598,27.75486145787826,55.15029616066151,112.0,25.0,0.28507454716057046,0.28507454716057046,56.877237446799526,-2.751860034330008,27.751860034330008,0.30014235482510143
2080000000,2090000000,56.82214097103235,-2.7577122033498647,27.757712203349865,55.42785902896765,112.25,25.0,0.2702603289284733,0.2702603289284733,56.84970383933849,-2.7548614578782598,27.75486145787826,0.28507454716057046
2090000000,2100000000,56.7945503359824,-2.760414806639151,27.76041480663915,55.7054496640176,112.5,25.0,0.2556957890828051,0.2556957890828051,56.82214097103235,-2.7577122033498647,27.757712203349865,0.2702603289284733
2100000000,2110000000,56.76693340312655,-2.762971764529979,27.76297176452998,55.98306659687345,112.75,25.0,0.24137707614130388,0.24137707614130388,56.7945503359824,-2.760414806639151,27.76041480663915,0.2556957890828051
2110000000,2120000000,56.73929161662745,-2.7653855352913936,27.765385535291394,56.26070838337255,113.0,25.0,0.22730039728007867,0.22730039728007867,56.76693340312655,-2.762971764529979,27.76297176452998,0.24137707614130388
2120000000,2130000000,56.711626396254665,-2.7676585392641933,27.767658539264193,56.538373603745335,113.25,25.0,0.21346201744195126,0.21346201744195126,56.73929161662745,-2.7653855352913936,27.765385535291394,0.22730039728007867
2130000000,2140000000,56.68393913776115,-2.7697931594386134,27.769793159438613,56.81606086223885,113.5,25.0,0.19985825845839855,0.19985825845839855,56.711626396254665,-2.7676585392641933,27.767658539264193,0.21346201744195126
2140000000,2150000000,56.65623121325384,-2.771791742023197,27.771791742023197,57.09376878674616,113.75,25.0,0.18648549818479543,0.18648549818479543,56.68393913776115,-2.7697931594386134,27.769793159438613,0.19985825845839855
2150000000,2160000000,56.6285039715587,-2.7736565970050435,27.773656597005044,57.3714960284413,114.0,25.0,0.1733401696488288,0.1733401696488288,56.65623121325384,-2.771791742023197,27.771791742023197,0.18648549818479543
2160000000,2170000000,56.60075873858017,-2.775389998701531,27.77538999870153,57.64924126141983,114.25,25.0,0.16041876021184498,0.16041876021184498,56.6285039715587,-2.7736565970050435,27.773656597005044,0.1733401696488288
2170000000,2180000000,56.57299681765514,-2.77699418630365,27.77699418630365,57.92700318234486,114.5,25.0,0.1477178107429178,0.1477178107429178,56.60075873858017,-2.775389998701531,27.77538999870153,0.16041876021184498
2180000000,2190000000,56.54521948990157,-2.778471364411079,27.77847136441108,58.20478051009843,114.75,25.0,0.1352339148055024,0.1352339148055024,56.57299681765514,-2.77699418630365,27.77699418630365,0.1477178107429178
2190000000,2200000000,56.517428014561716,-2.779823703559135,27.779823703559135,58.482571985438284,115.0,25.0,0.12296371785643734,0.12296371785643734,56.54521948990157,-2.778471364411079,27.77847136441108,0.1352339148055024
2200000000,2210000000,56.48962362934024,-2.7810533407376994,27.7810533407377,58.76037637065976,115.25,25.0,0.11090391645709241,0.11090391645709241,56.517428014561716,-2.779823703559135,27.779823703559135,0.12296371785643734
2210000000,2220000000,56.461807550737035,-2.782162379902271,27.78216237990227,59.038192449262965,115.5,25.0,0.09905125749655141,0.09905125749655141,56.48962362934024,-2.7810533407376994,27.7810533407377,0.11090391645709241
2220000000,2230000000,56.43398097437514,-2.7831528924772364,27.783152892477236,59.31601902562486,115.75,25.0,0.08740253742654502,0.08740253742654502,56.461807550737035,-2.782162379902271,27.78216237990227,0.09905125749655141
2230000000,2240000000,56.406145075323494,-2.7840269178515022,27.784026917851502,59.593854924676506,116.0,25.0,0.07595460150806499,0.07595460150806499,56.43398097437514,-2.7831528924772364,27.783152892477236,0.08740253742654502
2240000000,2250000000,56.37830100841491,-2.784786463866581,27.78478646386658,59.87169899158509,116.25,25.0,0.06470434306938211,0.06470434306938211,56.406145075323494,-2.7840269178515022,27.784026917851502,0.07595460150806499
2250000000,2260000000,56.35044990855909,-2.785433507297274,27.785433507297274,60.14955009144091,116.5,25.0,0.053648702775365376,0.053648702775365376,56.37830100841491,-2.784786463866581,27.78478646386658,0.06470434306938211
2260000000,2270000000,56.32259289105098,-2.785969994325029,27.78596999432503,60.42740710894902,116.75,25.0,0.042784667907884266,0.042784667907884266,56.35044990855909,-2.785433507297274,27.785433507297274,0.053648702775365376
2270000000,2280000000,56.29473105187434,-2.7863978410041064,27.786397841004106,60.70526894812566,117.0,25.0,0.03210927165716804,0.03210927165716804,56.32259289105098,-2.785969994325029,27.78596999432503,0.042784667907884266
2280000000,2290000000,56.26686546800072,-2.786718933720678,27.786718933720678,60.98313453199928,117.25,25.0,0.021619592423933298,0.021619592423933298,56.29473105187434,-2.7863978410041064,27.786397841004106,0.03210927165716804
2290000000,2300000000,56.23899719768389,-2.7869351296449167,27.786935129644917,61.26100280231611,117.5,25.0,0.01131275313208091,0.01131275313208091,56.26686546800072,-2.786718933720678,27.786718933720678,0.021619592423933298
2300000000,2310000000,56.21112728074978,-2.787048257176238,27.787048257176238,61.53887271925022,117.75,25.0,0.0011859205518787164,0.0011859205518787164,56.23899719768389,-2.7869351296449167,27.786935129644917,0.01131275313208091
2310000000,2320000000,56.18325673888199,-2.787060116381756,27.787060116381756,61.81674326111801,118.0,25.0,-0.008763695366587942,-0.008763695366587942,56.21112728074978,-2.787048257176238,27.787048257176238,0.0011859205518787164
2320000000,2330000000,56.15538657590294,-2.7869724794280906,27.78697247942809,62.09461342409706,118.25,25.0,-0.0185388421498347,-0.0185388421498347,56.18325673888199,-2.787060116381756,27.787060116381756,-0.008763695366587942
2330000000,2340000000,56.127517778050766,-2.786787091006591,27.78678709100659,62.372482221949234,118.5,25.0,-0.028142225447428615,-0.028142225447428615,56.15538657590294,-2.7869724794280906,27.78697247942809,-0.0185388421498347
2340000000,2350000000,56.09965131425197,-2.786505668752117,27.786505668752117,62.65034868574803,118.75,25.0,-0.03757650966860204,-0.03757650966860204,56.127517778050766,-2.786787091006591,27.78678709100659,-0.028142225447428615
2350000000,2360000000,56.071788136389934,-2.786129903655432,27.786129903655432,62.928211863610066,119.0,25.0,-0.046844318609212454,-0.046844318609212454,56.09965131425197,-2.786505668752117,27.786505668752117,-0.03757650966860204
2360000000,2370000000,56.04392917956931,-2.7856614604693384,27.78566146046934,63.20607082043069,119.25,25.0,-0.05594823606914323,-0.05594823606914323,56.071788136389934,-2.786129903655432,27.786129903655432,-0.046844318609212454
2370000000,2380000000,56.01607536237642,-2.7851019781086457,27.785101978108646,63.48392463762358,119.5,25.0,-0.06489080646034928,-0.06489080646034928,56.04392917956931,-2.7856614604693384,27.78566146046934,-0.05594823606914323
2380000000,2390000000,55.988227587135654,-2.784453070044041,27.78445307004404,63.761772412864346,119.75,25.0,-0.07367453540566782,-0.07367453540566782,56.01607536237642,-2.7851019781086457,27.785101978108646,-0.06489080646034928
2390000000,2400000000,55.960386740161994,-2.7837163246899834,27.783716324689983,64.039613259838,120.0,25.0,-0.082301890328492,-0.082301890328492,55.988227587135654,-2.784453070044041,27.78445307004404,-0.07367453540566782
2400000000,2410000000,55.932553692009606,-2.782893305786697,27.782893305786697,64.3174463079904,120.25,25.0,-0.0907753010335246,-0.0907753010335246,55.960386740161994,-2.7837163246899834,27.783716324689983,-0.082301890328492
2410000000,2420000000,55.9047292977168,-2.781985552776362,27.781985552776362,64.5952707022832,120.5,25.0,-0.09909716027868942,-0.09909716027868942,55.932553692009606,-2.782893305786697,27.782893305786697,-0.0907753010335246
2420000000,2430000000,55.876914397047045,-2.7809945811735766,27.780994581173577,64.87308560295295,120.75,25.0,-0.10726982433834564,-0.10726982433834564,55.9047292977168,-2.781985552776362,27.781985552776362,-0.09909716027868942
2430000000,2440000000,55.84910981472652,-2.779921882930193,27.779921882930193,65.15089018527348,121.0,25.0,-0.11529561355795481,-0.11529561355795481,55.876914397047045,-2.7809945811735766,27.780994581173577,-0.10726982433834564
2440000000,2450000000,55.8213163606779,-2.778768926794612,27.778768926794612,65.4286836393221,121.25,25.0,-0.1231768129003008,-0.1231768129003008,55.84910981472652,-2.779921882930193,27.779921882930193,-0.11529561355795481
2450000000,2460000000,55.79353483025059,-2.7775371586656092,27.77753715866561,65.7064651697494,121.5,25.0,-0.13091567248344171,-0.13091567248344171,55.8213163606779,-2.778768926794612,27.778768926794612,-0.1231768129003008
2460000000,2470000000,55.765766004447556,-2.776228001940776,27.776228001940776,65.98423399555244,121.75,25.0,-0.13851440811046833,-0.13851440811046833,55.79353483025059,-2.7775371586656092,27.77753715866561,-0.13091567248344171
2470000000,2480000000,55.73801065014855,-2.774842857859671,27.77484285785967,66.26198934985145,122.0,25.0,-0.1459752017911935,-0.1459752017911935,55.765766004447556,-2.776228001940776,27.776228001940776,-0.13851440811046833
2480000000,2490000000,55.71026952033006,-2.7733831058417593,27.77338310584176,66.53973047966994,122.25,25.0,-0.15330020225593932,-0.15330020225593932,55.73801065014855,-2.774842857859671,27.77484285785967,-0.1459752017911935
2490000000,2500000000,55.68254335428176,-2.771850103819201,27.7718501038192,66.81745664571824,122.5,25.0,-0.16049152546151424,-0.16049152546151424,55.71026952033006,-2.7733831058417593,27.77338310584176,-0.15330020225593932
2500000000,2510000000,55.65483287781984,-2.770245188564587,27.770245188564587,67.09516712218016,122.75,25.0,-0.1675512550895042,-0.1675512550895042,55.68254335428176,-2.771850103819201,27.7718501038192,-0.16049152546151424
2510000000,2520000000,55.62713880349695,-2.7685696760136906,27.76856967601369,67.37286119650305,123.0,25.0,-0.1744814430369681,-0.1744814430369681,55.65483287781984,-2.770245188564587,27.770245188564587,-0.1675512550895042
2520000000,2530000000,55.59946183080896,-2.76682486158332,27.76682486158332,67.65053816919104,123.25,25.0,-0.18128410989968335,-0.18128410989968335,55.62713880349695,-2.7685696760136906,27.76856967601369,-0.1744814430369681
2530000000,2540000000,55.57180264639862,-2.765012020484324,27.765012020484324,67.92819735360138,123.5,25.0,-0.18796124544809079,-0.18796124544809079,55.59946183080896,-2.76682486158332,27.76682486158332,-0.18128410989968335
2540000000,2550000000,55.54416192425606,-2.7631324080298434,27.763132408029843,68.20583807574394,123.75,25.0,-0.1945148090959412,-0.1945148090959412,55.57180264639862,-2.765012020484324,27.765012020484324,-0.18796124544809079
2550000000,2560000000,55.51654032591621,-2.7611872599388825,27.761187259938882,68.48345967408379,124.0,25.0,-0.20094673036185862,-0.20094673036185862,55.54416192425606,-2.7631324080298434,27.763132408029843,-0.1945148090959412
2560000000,2570000000,55.48893850065333,-2.7591777926352634,27.759177792635263,68.76106149934667,124.25,25.0,-0.20725890932389923,-0.20725890932389923,55.51654032591621,-2.7611872599388825,27.761187259938882,-0.20094673036185862
2570000000,2580000000,55.46135708567245,-2.757105203542025,27.757105203542025,69.03864291432755,124.5,25.0,-0.21345321706716414,-0.21345321706716414,55.48893850065333,-2.7591777926352634,27.759177792635263,-0.20725890932389923
2580000000,2590000000,55.43379670629787,-2.7549706713713533,27.754970671371353,69.31620329370213,124.75,25.0,-0.2195314961246373,-0.2195314961246373,55.46135708567245,-2.757105203542025,27.757105203542025,-0.21345321706716414
2590000000,2600000000,55.406257976158955,-2.7527753564101083,27.75277535641011,69.59374202384105,125.0,25.0,-0.22549556091133027,-0.22549556091133027,55.43379670629787,-2.7549706713713533,27.754970671371353,-0.2195314961246373
2600000000,2610000000,55.3787414973729,-2.750520400800994,27.750520400800994,69.8712585026271,125.25,25.0,-0.2313471981518025,-0.2313471981518025,55.406257976158955,-2.7527753564101083,27.75277535641011,-0.22549556091133027
2610000000,2620000000,55.3512478607248,-2.7482069288194744,27.748206928819474,70.1487521392752,125.5,25.0,-0.23708816730119953,-0.23708816730119953,55.3787414973729,-2.750520400800994,27.750520400800994,-0.2313471981518025
2620000000,2630000000,55.32377764584497,-2.7458360471464616,27.74583604714646,70.42622235415503,125.75,25.0,-0.2427202009599152,-0.2427202009599152,55.3512478607248,-2.7482069288194744,27.748206928819474,-0.23708816730119953
2630000000,2640000000,55.29633142138354,-2.7434088451368623,27.743408845136862,70.70366857861646,126.0,25.0,-0.2482450052819054,-0.2482450052819054,55.32377764584497,-2.7458360471464616,27.74583604714646,-0.2427202009599152
2640000000,2650000000,55.26890974518244,-2.740926395084042,27.740926395084042,70.98109025481756,126.25,25.0,-0.2536642603768491,-0.2536642603768491,55.29633142138354,-2.7434088451368623,27.743408845136862,-0.2482450052819054
2650000000,2660000000,55.24151316444461,-2.7383897524802734,27.738389752480273,71.25848683555539,126.5,25.0,-0.2589796207061177,-0.2589796207061177,55.26890974518244,-2.740926395084042,27.740926395084042,-0.2536642603768491
2660000000,2670000000,55.21414221590085,-2.735799956273212,27.735799956273212,71.53585778409915,126.75,25.0,-0.2641927154728574,-0.2641927154728574,55.24151316444461,-2.7383897524802734,27.738389752480273,-0.2589796207061177
2670000000,2680000000,55.18679742597388,-2.733158029118485,27.733158029118485,71.81320257402612,127.0,25.0,-0.269305149005993,-0.269305149005993,55.21414221590085,-2.735799956273212,27.735799956273212,-0.2641927154728574
2680000000,2690000000,55.15947931094014,-2.7304649776284258,27.730464977628426,72.09052068905986,127.25,25.0,-0.2743185011385294,-0.2743185011385294,55.18679742597388,-2.733158029118485,27.733158029118485,-0.269305149005993
2690000000,2700000000,55.13218837708891,-2.7277217926170394,27.72772179261704,72.36781162291109,127.5,25.0,-0.27923432757998423,-0.27923432757998423,55.15947931094014,-2.7304649776284258,27.730464977628426,-0.2743185011385294
2700000000,2710000000,55.104925120879116,-2.7249294493412393,27.72492944934124,72.64507487912088,127.75,25.0,-0.284054160283274,-0.284054160283274,55.13218837708891,-2.7277217926170394,27.72772179261704,-0.27923432757998423
2710000000,2720000000,55.077690029093716,-2.7220889077384065,27.722088907738407,72.92230997090628,128.0,25.0,-0.2887795078059483,-0.2887795078059483,55.104925120879116,-2.7249294493412393,27.72492944934124,-0.284054160283274
2720000000,2730000000,55.05048357899172,-2.719201112660347,27.719201112660347,73.19951642100828,128.25,25.0,-0.29341185566594996,-0.29341185566594996,55.077690029093716,-2.7220889077384065,27.722088907738407,-0.2887795078059483
2730000000,2740000000,55.023306238457906,-2.7162669941036874,27.716266994103687,73.4766937615421,128.5,25.0,-0.29795266669199805,-0.29795266669199805,55.05048357899172,-2.719201112660347,27.719201112660347,-0.29341185566594996
2740000000,2750000000,54.996158466150206,-2.7132874674367677,27.713287467436768,73.7538415338498,128.75,25.0,-0.3024033813685931,-0.3024033813685931,55.023306238457906,-2.7162669941036874,27.716266994103687,-0.29795266669199805
2750000000,2760000000,54.96904071164491,-2.7102634336230835,27.710263433623084,74.03095928835509,129.0,25.0,-0.3067654181758517,-0.3067654181758517,54.996158466150206,-2.7132874674367677,27.713287467436768,-0.3024033813685931
2760000000,2770000000,54.94195341557959,-2.7071957794413244,27.707195779441324,74.30804658442041,129.25,25.0,-0.31104017392410155,-0.31104017392410155,54.96904071164491,-2.7102634336230835,27.710263433623084,-0.3067654181758517
2770000000,2780000000,54.91489700979386,-2.704085377702082,27.704085377702082,74.58510299020614,129.5,25.0,-0.315229024083429,-0.315229024083429,54.94195341557959,-2.7071957794413244,27.707195779441324,-0.31104017392410155
2780000000,2790000000,54.88787191746805,-2.700933087461248,27.700933087461248,74.86212808253195,129.75,25.0,-0.3193333231082396,-0.3193333231082396,54.91489700979386,-2.704085377702082,27.704085377702082,-0.315229024083429
2790000000,2800000000,54.860878553259596,-2.6977397542301667,27.697739754230167,75.1391214467404,130.0,25.0,-0.3233544047568362,-0.3233544047568362,54.88787191746805,-2.700933087461248,27.700933087461248,-0.3193333231082396
2800000000,2810000000,54.83391732343753,-2.694506210182599,27.6945062101826,75.41608267656247,130.25,25.0,-0.32729358240617845,-0.32729358240617845,54.860878553259596,-2.6977397542301667,27.697739754230167,-0.3233544047568362
2810000000,2820000000,54.80698862601483,-2.691233274358538,27.691233274358538,75.69301137398517,130.5,25.0,-0.33115214936184767,-0.33115214936184767,54.83391732343753,-2.694506210182599,27.6945062101826,-0.32729358240617845
2820000000,2830000000,54.7800928508787,-2.68792175286492,27.68792175286492,75.9699071491213,130.75,25.0,-0.3349313791632884,-0.3349313791632884,54.80698862601483,-2.691233274358538,27.691233274358538,-0.33115214936184767
2830000000,2840000000,54.75323037991902,-2.6845724390732855,27.684572439073285,76.24676962008098,131.0,25.0,-0.3386325258844405,-0.3386325258844405,54.7800928508787,-2.68792175286492,27.68792175286492,-0.3349313791632884
2840000000,2850000000,54.72640158715457,-2.681186113814441,27.68118611381444,76.52359841284543,131.25,25.0,-0.34225682442976035,-0.34225682442976035,54.75323037991902,-2.6845724390732855,27.684572439073285,-0.3386325258844405
2850000000,2860000000,54.69960683885765,-2.6777635455701443,27.677763545570144,76.80039316114235,131.5,25.0,-0.3458054908258097,-0.3458054908258097,54.72640158715457,-2.681186113814441,27.68118611381444,-0.34225682442976035
2860000000,2870000000,54.67284649367649,-2.6743054906618866,27.674305490661887,77.07715350632351,131.75,25.0,-0.3492797225083226,-0.3492797225083226,54.69960683885765,-2.6777635455701443,27.677763545570144,-0.3458054908258097
2870000000,2880000000,54.646120902755996,-2.6708126934368046,27.670812693436805,77.353879097244,132.0,25.0,-0.35268069860498485,-0.35268069860498485,54.67284649367649,-2.6743054906618866,27.674305490661887,-0.3492797225083226
2880000000,2890000000,54.61943040985656,-2.667285886450756,27.667285886450756,77.63056959014344,132.25,25.0,-0.35600958021389006,-0.35600958021389006,54.646120902755996,-2.6708126934368046,27.670812693436805,-0.35268069860498485
2890000000,2900000000,54.592775351471076,-2.6637257906486163,27.663725790648616,77.90722464852892,132.5,25.0,-0.3592675106777574,-0.3592675106777574,54.61943040985656,-2.667285886450756,27.667285886450756,-0.35600958021389006
2900000000,2910000000,54.56615605694013,-2.6601331155418393,27.66013311554184,78.18384394305987,132.75,25.0,-0.36245561585398756,-0.36245561585398756,54.592775351471076,-2.6637257906486163,27.663725790648616,-0.3592675106777574
2910000000,2920000000,54.5395728485655,-2.656508559383301,27.6565085593833,78.4604271514345,133.0,25.0,-0.3655750043806272,-0.3655750043806272,54.56615605694013,-2.6601331155418393,27.66013311554184,-0.36245561585398756
2920000000,2930000000,54.513026041721886,-2.652852809339496,27.652852809339496,78.73697395827811,133.25,25.0,-0.36862676793827065,-0.36862676793827065,54.5395728485655,-2.656508559383301,27.6565085593833,-0.3655750043806272
2930000000,2940000000,54.4865159449669,-2.649166541660115,27.649166541660115,79.0134840550331,133.5,25.0,-0.3716119815079715,-0.3716119815079715,54.513026041721886,-2.652852809339496,27.652852809339496,-0.36862676793827065
2940000000,2950000000,54.46004286014937,-2.645450421845034,27.645450421845034,79.28995713985063,133.75,25.0,-0.37453170362528354,-0.37453170362528354,54.4865159449669,-2.649166541660115,27.649166541660115,-0.3716119815079715
2950000000,2960000000,54.433607082516104,-2.641705104808782,27.641705104808782,79.5663929174839,134.0,25.0,-0.37738697663040455,-0.37738697663040455,54.46004286014937,-2.645450421845034,27.645450421845034,-0.37453170362528354
2960000000,2970000000,54.407208900816855,-2.6379312350424797,27.63793123504248,79.84279109918315,134.25,25.0,-0.3801788269145132,-0.3801788269145132,54.433607082516104,-2.641705104808782,27.641705104808782,-0.37738697663040455
2970000000,2980000000,54.38084859740778,-2.6341294467733363,27.634129446773336,80.11915140259222,134.5,25.0,-0.38290826516237697,-0.38290826516237697,54.407208900816855,-2.6379312350424797,27.63793123504248,-0.3801788269145132
2980000000,2990000000,54.35452644835331,-2.6303003641217124,27.630300364121712,80.39547355164669,134.75,25.0,-0.38557628659128484,-0.38557628659128484,54.38084859740778,-2.6341294467733363,27.634129446773336,-0.38290826516237697
2990000000,3000000000,54.32824272352643,-2.6264446012557983,27.6264446012558,80.67175727647357,135.0,25.0,-0.38818387118629527,-0.38818387118629527,54.35452644835331,-2.6303003641217124,27.630300364121712,-0.38557628659128484
3000000000,3010000000,54.30199768670742,-2.622562762543936,27.622562762543936,80.94800231329258,135.25,25.0,-0.3907319839320018,-0.3907319839320018,54.32824272352643,-2.6264446012557983,27.6264446012558,-0.38818387118629527
3010000000,3020000000,54.275791595681184,-2.6186554427046147,27.618655442704615,81.22420840431882,135.5,25.0,-0.39322157504069155,-0.39322157504069155,54.30199768670742,-2.622562762543936,27.622562762543936,-0.3907319839320018
3020000000,3030000000,54.249624702332895,-2.614723226954208,27.614723226954208,81.5003752976671,135.75,25.0,-0.3956535801770471,-0.3956535801770471,54.275791595681184,-2.6186554427046147,27.618655442704615,-0.39322157504069155
3030000000,3040000000,54.22349725274236,-2.6107666911524383,27.61076669115244,81.77650274725764,136.0,25.0,-0.3980289206794949,-0.3980289206794949,54.249624702332895,-2.614723226954208,27.614723226954208,-0.3956535801770471
3040000000,3050000000,54.19740948727687,-2.6067864019456444,27.606786401945644,82.05259051272313,136.25,25.0,-0.40034850377813,-0.40034850377813,54.22349725274236,-2.6107666911524383,27.61076669115244,-0.3980289206794949
3050000000,3060000000,54.171361640682605,-2.602782916907863,27.602782916907863,82.3286383593174,136.5,25.0,-0.4026132228093324,-0.4026132228093324,54.19740948727687,-2.6067864019456444,27.606786401945644,-0.40034850377813
3060000000,3070000000,54.145353942174665,-2.598756784679768,27.598756784679768,82.60464605782533,136.75,25.0,-0.4048239574271504,-0.4048239574271504,54.171361640682605,-2.602782916907863,27.602782916907863,-0.4026132228093324
3070000000,3080000000,54.11938661552574,-2.5947085451054974,27.594708545105497,82.88061338447426,137.0,25.0,-0.4069815738114677,-0.4069815738114677,54.145353942174665,-2.598756784679768,27.598756784679768,-0.4048239574271504
3080000000,3090000000,54.093459879153386,-2.5906387293673845,27.590638729367384,83.15654012084661,137.25,25.0,-0.4090869248729727,-0.4090869248729727,54.11938661552574,-2.5947085451054974,27.594708545105497,-0.4069815738114677
3090000000,3100000000,54.067573946205954,-2.586547860118653,27.586547860118653,83.43242605379405,137.5,25.0,-0.41114085045505355,-0.41114085045505355,54.093459879153386,-2.5906387293673845,27.590638729367384,-0.4090869248729727
3100000000,3110000000,54.04172902464728,-2.582436451614104,27.582436451614104,83.70827097535272,137.75,25.0,-0.41314417753259214,-0.41314417753259214,54.067573946205954,-2.586547860118653,27.586547860118653,-0.41114085045505355
3110000000,3120000000,54.01592531734002,-2.578305009838779,27.57830500983878,83.98407468265998,138.0,25.0,-0.41509772040778126,-0.41509772040778126,54.04172902464728,-2.582436451614104,27.582436451614104,-0.41314417753259214
3120000000,3130000000,53.99016302212766,-2.574154032634702,27.574154032634702,84.25983697787234,138.25,25.0,-0.41700228090288816,-0.41700228090288816,54.01592531734002,-2.578305009838779,27.57830500983878,-0.41509772040778126
3130000000,3140000000,53.96444233191535,-2.5699840098256743,27.569984009825674,84.53555766808465,138.5,25.0,-0.4188586485501786,-0.4188586485501786,53.99016302212766,-2.574154032634702,27.574154032634702,-0.41700228090288816
3140000000,3150000000,53.93876343474952,-2.565795423340173,27.565795423340173,84.81123656525048,138.75,25.0,-0.42066760077891585,-0.42066760077891585,53.96444233191535,-2.5699840098256743,27.569984009825674,-0.4188586485501786
3150000000,3160000000,53.91312651389616,-2.561588747332383,27.561588747332383,85.08687348610384,139.0,25.0,-0.42242990309946693,-0.42242990309946693,53.93876343474952,-2.565795423340173,27.565795423340173,-0.42066760077891585
3160000000,3170000000,53.88753174791799,-2.5573644483013886,27.55736444830139,85.36246825208201,139.25,25.0,-0.4241463092847053,-0.4241463092847053,53.91312651389616,-2.561588747332383,27.561588747332383,-0.42242990309946693
3170000000,3180000000,53.86197931075044,-2.5531229852085424,27.553122985208542,85.63802068924956,139.5,25.0,-0.42581756154859995,-0.42581756154859995,53.88753174791799,-2.5573644483013886,27.55736444830139,-0.4241463092847053
3180000000,3190000000,53.83646937177643,-2.5488648095930557,27.548864809593056,85.91353062822357,139.75,25.0,-0.4274443907220804,-0.4274443907220804,53.86197931075044,-2.5531229852085424,27.553122985208542,-0.42581756154859995
3190000000,3200000000,53.81100209590004,-2.544590365685835,27.544590365685835,86.18899790409996,140.0,25.0,-0.42902751642627024,-0.42902751642627024,53.83646937177643,-2.5488648095930557,27.548864809593056,-0.4274443907220804
3200000000,3210000000,53.78557764361899,-2.5403000905215727,27.540300090521573,86.46442235638101,140.25,25.0,-0.4305676472430524,-0.4305676472430524,53.81100209590004,-2.544590365685835,27.544590365685835,-0.42902751642627024
3210000000,3220000000,53.76019617109614,-2.535994414049142,27.535994414049142,86.73980382890386,140.5,25.0,-0.43206548088306596,-0.43206548088306596,53.78557764361899,-2.5403000905215727,27.540300090521573,-0.4305676472430524
3220000000,3230000000,53.7348578302297,-2.531673759240313,27.531673759240313,87.0151421697703,140.75,25.0,-0.4335217043511208,-0.4335217043511208,53.76019617109614,-2.535994414049142,27.535994414049142,-0.43206548088306596
3230000000,3240000000,53.709562768722506,-2.5273385421968015,27.5273385421968,87.2904372312775,141.0,25.0,-0.4349369941091461,-0.4349369941091461,53.7348578302297,-2.531673759240313,27.531673759240313,-0.4335217043511208
3240000000,3250000000,53.68431113015025,-2.522989172255709,27.52298917225571,87.56568886984975,141.25,25.0,-0.43631201623660587,-0.43631201623660587,53.709562768722506,-2.5273385421968015,27.5273385421968,-0.4349369941091461
3250000000,3260000000,53.659103054028506,-2.5186260520933423,27.518626052093342,87.8408969459715,141.5,25.0,-0.4376474265885122,-0.4376474265885122,53.68431113015025,-2.522989172255709,27.52298917225571,-0.43631201623660587
3260000000,3270000000,53.633938675878895,-2.5142495778274565,27.514249577827457,88.1160613241211,141.75,25.0,-0.43894387095103937,-0.43894387095103937,53.659103054028506,-2.5186260520933423,27.518626052093342,-0.4376474265885122
3270000000,3280000000,53.60881812729417,-2.509860139117947,27.509860139117947,88.39118187270583,142.0,25.0,-0.4402019851947494,-0.4402019851947494,53.633938675878895,-2.5142495778274565,27.514249577827457,-0.43894387095103937
3280000000,3290000000,53.58374153600225,-2.505458119265999,27.505458119266,88.66625846399775,142.25,25.0,-0.4414223954254992,-0.4414223954254992,53.60881812729417,-2.509860139117947,27.509860139117947,-0.4402019851947494
3290000000,3300000000,53.55870902592936,-2.501043895311742,27.501043895311742,88.94129097407064,142.5,25.0,-0.44260571813306093,-0.44260571813306093,53.58374153600225,-2.505458119265999,27.505458119266,-0.4414223954254992
3300000000,3310000000,53.533720717262156,-2.496617838130412,27.496617838130412,89.21627928273784,142.75,25.0,-0.4437525603374799,-0.4437525603374799,53.55870902592936,-2.501043895311742,27.501043895311742,-0.44260571813306093
3310000000,3320000000,53.50877672650887,-2.4921803125270365,27.492180312527037,89.49122327349113,143.0,25.0,-0.44486351973320426,-0.44486351973320426,53.533720717262156,-2.496617838130412,27.496617838130412,-0.4437525603374799
3320000000,3330000000,53.483877166559594,-2.4877316773297053,27.487731677329705,89.7661228334404,143.25,25.0,-0.44593918483103323,-0.44593918483103323,53.50877672650887,-2.4921803125270365,27.492180312527037,-0.44486351973320426
3330000000,3340000000,53.45902214674554,-2.4832722854813944,27.483272285481394,90.04097785325446,143.5,25.0,-0.4469801350978839,-0.4469801350978839,53.483877166559594,-2.4877316773297053,27.487731677329705,-0.44593918483103323
3340000000,3350000000,53.434211772897484,-2.4788024841304157,27.478802484130416,90.31578822710252,143.75,25.0,-0.44798694109446746,-0.44798694109446746,53.45902214674554,-2.4832722854813944,27.483272285481394,-0.4469801350978839
3350000000,3360000000,53.409446147403244,-2.4743226147194726,27.474322614719473,90.59055385259676,144.0,25.0,-0.44896016461084853,-0.44896016461084853,53.434211772897484,-2.4788024841304157,27.478802484130416,-0.44798694109446746
3360000000,3370000000,53.384725369264274,-2.4698330130733623,27.469833013073362,90.86527463073573,144.25,25.0,-0.4499003587999555,-0.4499003587999555,53.409446147403244,-2.4743226147194726,27.474322614719473,-0.44896016461084853
3370000000,3380000000,53.360049534151486,-2.465334009485364,27.465334009485364,91.13995046584851,144.5,25.0,-0.4508080683090556,-0.4508080683090556,53.384725369264274,-2.4698330130733623,27.469833013073362,-0.4499003587999555
3380000000,3390000000,53.33541873446005,-2.4608259288022722,27.460825928802272,91.41458126553995,144.75,25.0,-0.45168382940923335,-0.45168382940923335,53.360049534151486,-2.465334009485364,27.465334009485364,-0.4508080683090556
3390000000,3400000000,53.3108330593635,-2.4563090905081815,27.45630909050818,91.6891669406365,145.0,25.0,-0.4525281701229016,-0.4525281701229016,53.33541873446005,-2.4608259288022722,27.460825928802272,-0.45168382940923335
3400000000,3410000000,53.286292594866936,-2.451783808806951,27.45178380880695,91.96370740513306,145.25,25.0,-0.4533416103493866,-0.4533416103493866,53.3108330593635,-2.4563090905081815,27.45630909050818,-0.4525281701229016
3410000000,3420000000,53.26179742385938,-2.447250392703456,27.447250392703456,92.23820257614062,145.5,25.0,-0.45412466198856327,-0.45412466198856327,53.286292594866936,-2.451783808806951,27.45178380880695,-0.4533416103493866
3420000000,3430000000,53.237347626165445,-2.442709146083569,27.44270914608357,92.51265237383456,145.75,25.0,-0.45487782906268004,-0.45487782906268004,53.26179742385938,-2.447250392703456,27.447250392703456,-0.45412466198856327
3430000000,3440000000,53.21294327859606,-2.4381603677929427,27.438160367792943,92.78705672140394,146.0,25.0,-0.45560160783625037,-0.45560160783625037,53.237347626165445,-2.442709146083569,27.44270914608357,-0.45487782906268004
3440000000,3450000000,53.18858445499852,-2.433604351714582,27.433604351714582,93.06141554500148,146.25,25.0,-0.45629648693420544,-0.45629648693420544,53.21294327859606,-2.4381603677929427,27.438160367792943,-0.45560160783625037
3450000000,3460000000,53.164271226305715,-2.4290413868452383,27.42904138684524,93.33572877369429,146.5,25.0,-0.4569629474581727,-0.4569629474581727,53.18858445499852,-2.433604351714582,27.433604351714582,-0.45629648693420544
3460000000,3470000000,53.140003660584625,-2.4244717573706573,27.424471757370657,93.60999633941537,146.75,25.0,-0.45760146310103567,-0.45760146310103567,53.164271226305715,-2.4290413868452383,27.42904138684524,-0.4569629474581727
3470000000,3480000000,53.11578182308408,-2.419895742739648,27.419895742739648,93.88421817691592,147.0,25.0,-0.4582125002597657,-0.4582125002597657,53.140003660584625,-2.4244717573706573,27.424471757370657,-0.45760146310103567
3480000000,3490000000,53.09160577628168,-2.415313617737052,27.415313617737052,94.15839422371832,147.25,25.0,-0.45879651814646705,-0.45879651814646705,53.11578182308408,-2.419895742739648,27.419895742739648,-0.4582125002597657
3490000000,3500000000,53.06747557993022,-2.4107256525555876,27.410725652555588,94.43252442006978,147.5,25.0,-0.45935396889782565,-0.45935396889782565,53.09160577628168,-2.415313617737052,27.415313617737052,-0.45879651814646705
3500000000,3510000000,53.043391291103106,-2.406132112866608,27.406132112866608,94.7066087088969,147.75,25.0,-0.4598852976828134,-0.4598852976828134,53.06747557993022,-2.4107256525555876,27.410725652555588,-0.45935396889782565
3510000000,3520000000,53.01935296423932,-2.4015332598897814,27.40153325988978,94.98064703576068,148.0,25.0,-0.4603909428088131,-0.4603909428088131,53.043391291103106,-2.406132112866608,27.406132112866608,-0.4598852976828134
3520000000,3530000000,52.99536065118757,-2.3969293504616935,27.396929350461694,95.25463934881243,148.25,25.0,-0.4608713358261105,-0.4608713358261105,53.01935296423932,-2.4015332598897814,27.40153325988978,-0.4603909428088131
3530000000,3540000000,52.97141440124973,-2.392320637103431,27.39232063710343,95.52858559875027,148.5,25.0,-0.4613269016307737,-0.4613269016307737,52.99536065118757,-2.3969293504616935,27.396929350461694,-0.4608713358261105
3540000000,3550000000,52.94751426122377,-2.387707368087124,27.387707368087124,95.80248573877623,148.75,25.0,-0.4617580585660117,-0.4617580585660117,52.97141440124973,-2.392320637103431,27.39232063710343,-0.4613269016307737
3550000000,3560000000,52.92366027544584,-2.383089787501465,27.383089787501465,96.07633972455416,149.0,25.0,-0.4621652185219691,-0.4621652185219691,52.94751426122377,-2.387707368087124,27.387707368087124,-0.4617580585660117
3560000000,3570000000,52.899852485831744,-2.378468135316247,27.378468135316247,96.35014751416826,149.25,25.0,-0.4625487870339837,-0.4625487870339837,52.92366027544584,-2.383089787501465,27.383089787501465,-0.4621652185219691
3570000000,3580000000,52.87609093191793,-2.3738426474459082,27.37384264744591,96.62390906808207,149.5,25.0,-0.4629091633794169,-0.4629091633794169,52.899852485831744,-2.378468135316247,27.378468135316247,-0.4625487870339837
3580000000,3590000000,52.85237565090165,-2.369213555812113,27.369213555812113,96.89762434909835,149.75,25.0,-0.4632467406729157,-0.4632467406729157,52.87609093191793,-2.3738426474459082,27.37384264744591,-0.4629091633794169
3590000000,3600000000,52.82870667768056,-2.3645810884053837,27.364581088405384,97.17129332231944,150.0,25.0,-0.46356190596031865,-0.46356190596031865,52.85237565090165,-2.369213555812113,27.369213555812113,-0.4632467406729157
3600000000,3610000000,52.805084044891814,-2.3599454693457815,27.35994546934578,97.44491595510819,150.25,25.0,-0.4638550403110915,-0.4638550403110915,52.82870667768056,-2.3645810884053837,27.364581088405384,-0.46356190596031865
3610000000,3620000000,52.78150778295037,-2.35530691894267,27.35530691894267,97.71849221704963,150.5,25.0,-0.46412651890933976,-0.46412651890933976,52.805084044891814,-2.3599454693457815,27.35994546934578,-0.4638550403110915
3620000000,3630000000,52.75797792008689,-2.350665653753577,27.350665653753577,97.99202207991311,150.75,25.0,-0.4643767111434758,-0.4643767111434758,52.78150778295037,-2.35530691894267,27.35530691894267,-0.46412651890933976
3630000000,3640000000,52.7344944823849,-2.3460218866421414,27.34602188664214,98.2655055176151,151.0,25.0,-0.46460598069450887,-0.46460598069450887,52.75797792008689,-2.350665653753577,27.350665653753577,-0.4643767111434758
3640000000,3650000000,52.71105749381752,-2.341375826835197,27.341375826835197,98.53894250618248,151.25,25.0,-0.46481468562297623,-0.46481468562297623,52.7344944823849,-2.3460218866421414,27.34602188664214,-0.46460598069450887
3650000000,3660000000,52.68766697628345,-2.336727679978967,27.336727679978967,98.81233302371655,151.5,25.0,-0.46500317845458383,-0.46500317845458383,52.71105749381752,-2.341375826835197,27.341375826835197,-0.46481468562297623
3660000000,3670000000,52.66432294964258,-2.3320776481944208,27.33207764819442,99.08567705035742,151.75,25.0,-0.46517180626451093,-0.46517180626451093,52.68766697628345,-2.336727679978967,27.336727679978967,-0.46500317845458383
3670000000,3680000000,52.64102543175096,-2.327425930131774,27.327425930131774,99.35897456824904,152.0,25.0,-0.4653209107604708,-0.4653209107604708,52.66432294964258,-2.3320776481944208,27.33207764819442,-0.46517180626451093
3680000000,3690000000,52.617774438495175,-2.322772721024169,27.32277272102417,99.63222556150482,152.25,25.0,-0.4654508283644754,-0.4654508283644754,52.64102543175096,-2.327425930131774,27.327425930131774,-0.4653209107604708
3690000000,3700000000,52.59456998382635,-2.3181182127405258,27.318118212740526,99.90543001617365,152.5,25.0,-0.4655618902933809,-0.4655618902933809,52.617774438495175,-2.322772721024169,27.32277272102417,-0.4654508283644754
3700000000,3710000000,52.57141207979346,-2.313462593837592,27.313462593837592,100.17858792020654,152.75,25.0,-0.46565442263818513,-0.46565442263818513,52.59456998382635,-2.3181182127405258,27.318118212740526,-0.4655618902933809
3710000000,3720000000,52.54830073657621,-2.30880604961121,27.30880604961121,100.45169926342379,153.0,25.0,-0.465728746442136,-0.465728746442136,52.57141207979346,-2.313462593837592,27.313462593837592,-0.46565442263818513
3720000000,3730000000,52.52523596251743,-2.304148762146788,27.304148762146788,100.72476403748257,153.25,25.0,-0.4657851777776645,-0.4657851777776645,52.54830073657621,-2.30880604961121,27.30880604961121,-0.465728746442136
3730000000,3740000000,52.50221776415485,-2.2994909103690127,27.299490910369013,100.99778223584515,153.5,25.0,-0.46582402782211085,-0.46582402782211085,52.52523596251743,-2.304148762146788,27.304148762146788,-0.4657851777776645
3740000000,3750000000,52.47924614625255,-2.2948326700907913,27.29483267009079,101.27075385374745,153.75,25.0,-0.4658456029323492,-0.4658456029323492,52.50221776415485,-2.2994909103690127,27.299490910369013,-0.46582402782211085
3750000000,3760000000,52.456321111831784,-2.2901742140614694,27.29017421406147,101.54367888816822,154.0,25.0,-0.46585020471822425,-0.46585020471822425,52.47924614625255,-2.2948326700907913,27.29483267009079,-0.4658456029323492
3760000000,3770000000,52.4334426622014,-2.2855157120142877,27.285515712014288,101.8165573377986,154.25,25.0,-0.46583813011491104,-0.46583813011491104,52.456321111831784,-2.2901742140614694,27.29017421406147,-0.46585020471822425
3770000000,3780000000,52.410610796987754,-2.2808573307131397,27.28085733071314,102.08938920301225,154.5,25.0,-0.4658096714541564,-0.4658096714541564,52.4334426622014,-2.2855157120142877,27.285515712014288,-0.46583813011491104
3780000000,3790000000,52.38782551416419,-2.2761992339985966,27.276199233998597,102.36217448583581,154.75,25.0,-0.4657651165344534,-0.4657651165344534,52.410610796987754,-2.2808573307131397,27.28085733071314,-0.4658096714541564
3790000000,3800000000,52.365086810080044,-2.271541582833251,27.27154158283325,102.63491318991996,155.0,25.0,-0.46570474869011225,-0.46570474869011225,52.38782551416419,-2.2761992339985966,27.276199233998597,-0.4657651165344534
3800000000,3810000000,52.342394679489146,-2.2668845353463496,27.26688453534635,102.90760532051085,155.25,25.0,-0.4656288468593428,-0.4656288468593428,52.365086810080044,-2.271541582833251,27.27154158283325,-0.46570474869011225
3810000000,3820000000,52.31974911557802,-2.2622282468777577,27.262228246877758,103.18025088442198,155.5,25.0,-0.4655376856512521,-0.4655376856512521,52.342394679489146,-2.2668845353463496,27.26688453534635,-0.4656288468593428
3820000000,3830000000,52.297150109993524,-2.257572870021246,27.257572870021246,103.45284989000648,155.75,25.0,-0.4654315354118257,-0.4654315354118257,52.31974911557802,-2.2622282468777577,27.262228246877758,-0.4655376856512521
3830000000,3840000000,52.27459765287007,-2.2529185546671293,27.25291855466713,103.72540234712993,156.0,25.0,-0.46531066228891493,-0.46531066228891493,52.297150109993524,-2.257572870021246,27.257572870021246,-0.4654315354118257
3840000000,3850000000,52.25209173285651,-2.24826544804424,27.24826544804424,103.99790826714349,156.25,25.0,-0.4651753282962727,-0.4651753282962727,52.27459765287007,-2.2529185546671293,27.25291855466713,-0.46531066228891493
3850000000,3860000000,52.22963233714249,-2.243613694761276,27.243613694761276,104.27036766285751,156.5,25.0,-0.46502579137653477,-0.46502579137653477,52.25209173285651,-2.24826544804424,27.24826544804424,-0.4651753282962727
3860000000,3870000000,52.207219451484434,-2.2389634368475093,27.23896343684751,104.54278054851557,156.75,25.0,-0.4648623054633285,-0.4648623054633285,52.22963233714249,-2.243613694761276,27.243613694761276,-0.46502579137653477
3870000000,3880000000,52.184853060231234,-2.2343148137928743,27.234314813792874,104.81514693976877,157.0,25.0,-0.4646851205424012,-0.4646851205424012,52.207219451484434,-2.2389634368475093,27.23896343684751,-0.4648623054633285
3880000000,3890000000,52.16253314634933,-2.229667962587449,27.22966796258745,105.08746685365067,157.25,25.0,-0.46449448271177607,-0.46449448271177607,52.184853060231234,-2.2343148137928743,27.234314813792874,-0.4646851205424012
3890000000,3900000000,52.140259691447596,-2.225023017760332,27.225023017760332,105.3597403085524,157.5,25.0,-0.46429063424108197,-0.46429063424108197,52.16253314634933,-2.229667962587449,27.22966796258745,-0.46449448271177607
3900000000,3910000000,52.1180326758017,-2.2203801114179207,27.22038011141792,105.6319673241983,157.75,25.0,-0.4640738136299136,-0.4640738136299136,52.140259691447596,-2.225023017760332,27.225023017760332,-0.46429063424108197
3910000000,3920000000,52.095852078378215,-2.2157393732816217,27.21573937328162,105.90414792162179,158.0,25.0,-0.46384425566531773,-0.46384425566531773,52.1180326758017,-2.2203801114179207,27.22038011141792,-0.4640738136299136
3920000000,3930000000,52.07371787685818,-2.2111009307249674,27.211100930724967,106.17628212314182,158.25,25.0,-0.46360219147842274,-0.46360219147842274,52.095852078378215,-2.2157393732816217,27.21573937328162,-0.46384425566531773
3930000000,3940000000,52.05163004766051,-2.206464908810183,27.206464908810183,106.44836995233949,158.5,25.0,-0.46334784860020495,-0.46334784860020495,52.07371787685818,-2.2111009307249674,27.211100930724967,-0.46360219147842274
3940000000,3950000000,52.02958856596483,-2.20183143032418,27.20183143032418,106.72041143403517,158.75,25.0,-0.46308145101638853,-0.46308145101638853,52.05163004766051,-2.206464908810183,27.206464908810183,-0.46334784860020495
3950000000,3960000000,52.00759340573414,-2.1972006158140154,27.197200615814015,106.99240659426586,159.0,25.0,-0.462803219221521,-0.462803219221521,52.02958856596483,-2.20183143032418,27.20183143032418,-0.46308145101638853
3960000000,3970000000,51.98564453973697,-2.1925725836218,27.1925725836218,107.26435546026303,159.25,25.0,-0.4625133702722275,-0.4625133702722275,52.00759340573414,-2.1972006158140154,27.197200615814015,-0.462803219221521
3970000000,3980000000,51.963741939569275,-2.187947449919079,27.18794744991908,107.53625806043073,159.5,25.0,-0.462212117839667,-0.462212117839667,51.98564453973697,-2.1925725836218,27.1925725836218,-0.4625133702722275
3980000000,3990000000,51.94188557567598,-2.1833253287406826,27.183325328740683,107.80811442432402,159.75,25.0,-0.4618996722611657,-0.4618996722611657,51.963741939569275,-2.187947449919079,27.18794744991908,-0.462212117839667
3990000000,4000000000,51.92007541737219,-2.17870633201807,27.17870633201807,108.07992458262781,160.0,25.0,-0.4615762405910844,-0.4615762405910844,51.94188557567598,-2.1833253287406826,27.183325328740683,-0.4618996722611657
4000000000,4010000000,51.89831143286405,-2.174090569612158,27.174090569612158,108.35168856713595,160.25,25.0,-0.4612420266509054,-0.4612420266509054,51.92007541737219,-2.17870633201807,27.17870633201807,-0.4615762405910844
4010000000,4020000000,51.87659358926926,-2.1694781493456503,27.16947814934565,108.62340641073074,160.5,25.0,-0.46089723107855507,-0.46089723107855507,51.89831143286405,-2.174090569612158,27.174090569612158,-0.4612420266509054
4020000000,4030000000,51.85492185263736,-2.1648691770348663,27.164869177034866,108.89507814736264,160.75,25.0,-0.4605420513770051,-0.4605420513770051,51.87659358926926,-2.1694781493456503,27.16947814934565,-0.46089723107855507
4030000000,4040000000,51.83329618796958,-2.160263756521097,27.160263756521097,109.16670381203042,161.0,25.0,-0.4601766819620692,-0.4601766819620692,51.85492185263736,-2.1648691770348663,27.164869177034866,-0.4605420513770051
4040000000,4050000000,51.81171655923846,-2.155661989701475,27.155661989701475,109.43828344076154,161.25,25.0,-0.45980131420954073,-0.45980131420954073,51.83329618796958,-2.160263756521097,27.160263756521097,-0.4601766819620692
4050000000,4060000000,51.790182929407166,-2.151063976559378,27.151063976559378,109.70981707059283,161.5,25.0,-0.459416136501583,-0.459416136501583,51.81171655923846,-2.155661989701475,27.155661989701475,-0.45980131420954073
4060000000,4070000000,51.768695260448396,-2.1464698151943615,27.14646981519436,109.9813047395516,161.75,25.0,-0.45902133427241765,-0.45902133427241765,51.790182929407166,-2.151063976559378,27.151063976559378,-0.459416136501583
4070000000,4080000000,51.74725351336316,-2.141879601851638,27.141879601851638,110.25274648663684,162.0,25.0,-0.4586170900533344,-0.4586170900533344,51.768695260448396,-2.1464698151943615,27.14646981519436,-0.45902133427241765
4080000000,4090000000,51.72585764819914,-2.137293430951104,27.137293430951104,110.52414235180086,162.25,25.0,-0.4582035835169682,-0.4582035835169682,51.74725351336316,-2.141879601851638,27.141879601851638,-0.4586170900533344
4090000000,4100000000,51.704507624068796,-2.1327113951159333,27.132711395115933,110.7954923759312,162.5,25.0,-0.45778099152095564,-0.45778099152095564,51.72585764819914,-2.137293430951104,27.137293430951104,-0.4582035835169682
4100000000,4110000000,51.68320339916721,-2.1281335852007253,27.128133585200725,111.06679660083279,162.75,25.0,-0.4573494881509066,-0.4573494881509066,51.704507624068796,-2.1327113951159333,27.132711395115933,-0.45778099152095564
4110000000,4120000000,51.661944930789616,-2.1235600903192164,27.123560090319216,111.33805506921038,163.0,25.0,-0.4569092447627261,-0.4569092447627261,51.68320339916721,-2.1281335852007253,27.128133585200725,-0.4573494881509066
4120000000,4130000000,51.64073217534866,-2.118990997871588,27.118990997871588,111.60926782465134,163.25,25.0,-0.4564604300242827,-0.4564604300242827,51.661944930789616,-2.1235600903192164,27.123560090319216,-0.4569092447627261
4130000000,4140000000,51.61956508839144,-2.114426393571346,27.114426393571346,111.88043491160856,163.5,25.0,-0.45600320995645793,-0.45600320995645793,51.64073217534866,-2.118990997871588,27.118990997871588,-0.4564604300242827
4140000000,4150000000,51.59844362461622,-2.1098663614717807,27.10986636147178,112.15155637538378,163.75,25.0,-0.45553774797356716,-0.45553774797356716,51.61956508839144,-2.114426393571346,27.114426393571346,-0.45600320995645793
4150000000,4160000000,51.577367737888906,-2.1053109839920445,27.105310983992045,112.4226322621111,164.0,25.0,-0.4550642049231448,-0.4550642049231448,51.59844362461622,-2.1098663614717807,27.10986636147178,-0.45553774797356716
4160000000,4170000000,51.556337381259226,-2.100760341942813,27.100760341942813,112.69366261874077,164.25,25.0,-0.45458273912516,-0.45458273912516,51.577367737888906,-2.1053109839920445,27.105310983992045,-0.4550642049231448
4170000000,4180000000,51.53535250697675,-2.096214514551562,27.096214514551562,112.96464749302325,164.5,25.0,-0.4540935064106226,-0.4540935064106226,51.556337381259226,-2.100760341942813,27.100760341942813,-0.45458273912516
4180000000,4190000000,51.51441306650655,-2.0916735794874555,27.091673579487455,113.23558693349345,164.75,25.0,-0.4535966601595822,-0.4535966601595822,51.53535250697675,-2.096214514551562,27.096214514551562,-0.4540935064106226
4190000000,4200000000,51.49351901054469,-2.0871376128858614,27.08713761288586,113.50648098945531,165.0,25.0,-0.45309235133856696,-0.45309235133856696,51.51441306650655,-2.0916735794874555,27.091673579487455,-0.4535966601595822
4200000000,4210000000,51.4726702890334,-2.0826066893724757,27.082606689372476,113.7773297109666,165.25,25.0,-0.4525807285374688,-0.4525807285374688,51.49351901054469,-2.0871376128858614,27.08713761288586,-0.45309235133856696
4210000000,4220000000,51.451866851176106,-2.0780808820871,27.0780808820871,114.0481331488239,165.5,25.0,-0.4520619380058286,-0.4520619380058286,51.4726702890334,-2.0826066893724757,27.082606689372476,-0.4525807285374688
4220000000,4230000000,51.43110864545213,-2.0735602627070406,27.07356026270704,114.31889135454787,165.75,25.0,-0.45153612368860907,-0.45153612368860907,51.451866851176106,-2.0780808820871,27.0780808820871,-0.4520619380058286
4230000000,4240000000,51.410395619631245,-2.0690449014701535,27.069044901470154,114.58960438036875,166.0,25.0,-0.4510034272613992,-0.4510034272613992,51.43110864545213,-2.0735602627070406,27.07356026270704,-0.45153612368860907
4240000000,4250000000,51.3897277207879,-2.0645348671975405,27.06453486719754,114.8602722792121,166.25,25.0,-0.4504639881650796,-0.4504639881650796,51.410395619631245,-2.0690449014701535,27.069044901470154,-0.4510034272613992
4250000000,4260000000,51.36910489531533,-2.060030227315888,27.060030227315888,115.13089510468467,166.5,25.0,-0.44991794363999205,-0.44991794363999205,51.3897277207879,-2.0645348671975405,27.06453486719754,-0.4504639881650796
4260000000,4270000000,51.34852708893936,-2.0555310478794873,27.055531047879487,115.40147291106064,166.75,25.0,-0.44936542875954055,-0.44936542875954055,51.36910489531533,-2.060030227315888,27.060030227315888,-0.44991794363999205
4270000000,4280000000,51.327994246732004,-2.0510373935918906,27.05103739359189,115.672005753268,167.0,25.0,-0.4488065764633391,-0.4488065764633391,51.34852708893936,-2.0555310478794873,27.055531047879487,-0.44936542875954055
4280000000,4290000000,51.307506313124904,-2.0465493278272575,27.046549327827258,115.9424936868751,167.25,25.0,-0.44824151758981134,-0.44824151758981134,51.327994246732004,-2.0510373935918906,27.05103739359189,-0.4488065764633391
4290000000,4300000000,51.28706323192252,-2.042066912651361,27.04206691265136,116.21293676807748,167.5,25.0,-0.447670380908304,-0.447670380908304,51.307506313124904,-2.0465493278272575,27.046549327827258,-0.44824151758981134
4300000000,4310000000,51.26666494631506,-2.0375902088422784,27.03759020884228,116.48333505368494,167.75,25.0,-0.44709329315071633,-0.44709329315071633,51.28706323192252,-2.042066912651361,27.04206691265136,-0.447670380908304
4310000000,4320000000,51.246311398891294,-2.033119275910771,27.03311927591077,116.7536886011087,168.0,25.0,-0.44651037904265944,-0.44651037904265944,51.26666494631506,-2.0375902088422784,27.03759020884228,-0.44709329315071633
4320000000,4330000000,51.22600253165115,-2.028654172120344,27.028654172120344,117.02399746834885,168.25,25.0,-0.4459217613341282,-0.4459217613341282,51.246311398891294,-2.033119275910771,27.03311927591077,-0.44651037904265944
4330000000,4340000000,51.205738286018004,-2.024194954507003,27.024194954507003,117.294261713982,168.5,25.0,-0.4453275608296927,-0.4453275608296927,51.22600253165115,-2.028654172120344,27.028654172120344,-0.4459217613341282
4340000000,4350000000,51.185518602850976,-2.019741678898704,27.019741678898704,117.56448139714902,168.75,25.0,-0.44472789641827704,-0.44472789641827704,51.205738286018004,-2.024194954507003,27.024194954507003,-0.4453275608296927
4350000000,4360000000,51.165343422456814,-2.015294399934522,27.015294399934522,117.83465657754319,169.0,25.0,-0.44412288510242415,-0.44412288510242415,51.185518602850976,-2.019741678898704,27.019741678898704,-0.44472789641827704
4360000000,4370000000,51.14521268460172,-2.0108531710834967,27.010853171083497,118.10478731539828,169.25,25.0,-0.443512642027166,-0.443512642027166,51.165343422456814,-2.015294399934522,27.015294399934522,-0.44412288510242415
4370000000,4380000000,51.12512632852298,-2.0064180446632243,27.006418044663224,118.37487367147702,169.5,25.0,-0.4428972805084308,-0.4428972805084308,51.14521268460172,-2.0108531710834967,27.010853171083497,-0.443512642027166
4380000000,4390000000,51.10508429294036,-2.001989071858141,27.00198907185814,118.64491570705964,169.75,25.0,-0.44227691206101905,-0.44227691206101905,51.12512632852298,-2.0064180446632243,27.006418044663224,-0.4428972805084308
4390000000,4400000000,51.08508651606738,-1.9975663027375319,26.997566302737532,118.91491348393262,170.0,25.0,-0.4416516464261677,-0.4416516464261677,51.10508429294036,-2.001989071858141,27.00198907185814,-0.44227691206101905
4400000000,4410000000,51.065132935622316,-1.9931497862732712,26.99314978627327,119.18486706437768,170.25,25.0,-0.4410215915986593,-0.4410215915986593,51.08508651606738,-1.9975663027375319,26.997566302737532,-0.4416516464261677
4410000000,4420000000,51.04522348883917,-1.9887395703572857,26.988739570357286,119.45477651116083,170.5,25.0,-0.44038685385358134,-0.44038685385358134,51.065132935622316,-1.9931497862732712,26.99314978627327,-0.4410215915986593
4420000000,4430000000,51.02535811247829,-1.9843357018187504,26.98433570181875,119.72464188752171,170.75,25.0,-0.439747537772609,-0.439747537772609,51.04522348883917,-1.9887395703572857,26.988739570357286,-0.44038685385358134
4430000000,4440000000,51.00553674283698,-1.9799382264410248,26.979938226441025,119.99446325716302,171.0,25.0,-0.43910374626994386,-0.43910374626994386,51.02535811247829,-1.9843357018187504,26.98433570181875,-0.439747537772609
4440000000,4450000000,50.98575931575988,-1.9755471889783252,26.975547188978325,120.26424068424012,171.25,25.0,-0.4384555806178254,-0.4384555806178254,51.00553674283698,-1.9799382264410248,26.979938226441025,-0.43910374626994386
4450000000,4460000000,50.966025766649125,-1.9711626331721455,26.971162633172145,120.53397423335088,171.5,25.0,-0.43780314047165336,-0.43780314047165336,50.98575931575988,-1.9755471889783252,26.975547188978325,-0.4384555806178254
4460000000,4470000000,50.94633603047443,-1.9667846017674293,26.96678460176743,120.80366396952557,171.75,25.0,-0.43714652389475805,-0.43714652389475805,50.966025766649125,-1.9711626331721455,26.971162633172145,-0.43780314047165336
4470000000,4480000000,50.92669004178295,-1.9624131365284825,26.962413136528482,121.07330995821705,172.0,25.0,-0.4364858273827661,-0.4364858273827661,50.94633603047443,-1.9667846017674293,26.96678460176743,-0.43714652389475805
4480000000,4490000000,50.90708773470902,-1.9580482782546547,26.958048278254655,121.34291226529098,172.25,25.0,-0.4358211458876007,-0.4358211458876007,50.92669004178295,-1.9624131365284825,26.962413136528482,-0.4364858273827661
4490000000,4500000000,50.88752904298377,-1.9536900667957795,26.95369006679578,121.61247095701623,172.5,25.0,-0.43515257284112185,-0.43515257284112185,50.90708773470902,-1.9580482782546547,26.958048278254655,-0.4358211458876007
4500000000,4510000000,50.86801389994446,-1.9493385410673696,26.94933854106737,121.88198610005554,172.75,25.0,-0.4344802001783983,-0.4344802001783983,50.88752904298377,-1.9536900667957795,26.95369006679578,-0.43515257284112185
4510000000,4520000000,50.8485422385438,-1.944993739065584,26.944993739065584,122.1514577614562,173.0,25.0,-0.4338041183606536,-0.4338041183606536,50.86801389994446,-1.9493385410673696,26.94933854106737,-0.4344802001783983
4520000000,4530000000,50.82911399135905,-1.9406556978819758,26.940655697881976,122.42088600864095,173.25,25.0,-0.4331244163978032,-0.4331244163978032,50.8485422385438,-1.944993739065584,26.944993739065584,-0.4338041183606536
4530000000,4540000000,50.80972909060105,-1.9363244537179973,26.936324453717997,122.69027090939895,173.5,25.0,-0.43244118187073943,-0.43244118187073943,50.82911399135905,-1.9406556978819758,26.940655697881976,-0.4331244163978032
4540000000,4550000000,50.79038746812297,-1.9320000418992898,26.93200004189929,122.95961253187703,173.75,25.0,-0.43175450095317625,-0.43175450095317625,50.80972909060105,-1.9363244537179973,26.936324453717997,-0.43244118187073943
4550000000,4560000000,50.77108905542903,-1.9276824968897586,26.92768249688976,123.22891094457097,174.0,25.0,-0.43106445843323504,-0.43106445843323504,50.79038746812297,-1.9320000418992898,26.93200004189929,-0.43175450095317625
4560000000,4570000000,50.751833783683054,-1.9233718523054257,26.923371852305426,123.49816621631695,174.25,25.0,-0.43037113773467284,-0.43037113773467284,50.77108905542903,-1.9276824968897586,26.92768249688976,-0.43106445843323504
4570000000,4580000000,50.73262158371689,-1.9190681409280792,26.91906814092808,123.76737841628311,174.5,25.0,-0.4296746209377911,-0.4296746209377911,50.751833783683054,-1.9233718523054257,26.923371852305426,-0.43037113773467284
4580000000,4590000000,50.713452386038654,-1.9147713947187022,26.914771394718702,124.03654761396135,174.75,25.0,-0.4289749888000254,-0.4289749888000254,50.73262158371689,-1.9190681409280792,26.91906814092808,-0.4296746209377911
4590000000,4600000000,50.6943261208409,-1.9104816448307034,26.910481644830703,124.3056738791591,175.0,25.0,-0.4282723207762331,-0.4282723207762331,50.713452386038654,-1.9147713947187022,26.914771394718702,-0.4289749888000254
4600000000,4610000000,50.67524271800863,-1.9061989216229414,26.90619892162294,124.57475728199137,175.25,25.0,-0.4275666950386503,-0.4275666950386503,50.6943261208409,-1.9104816448307034,26.910481644830703,-0.4282723207762331
4610000000,4620000000,50.65620210712716,-1.9019232546725533,26.901923254672553,124.84379789287284,175.5,25.0,-0.4268581884965519,-0.4268581884965519,50.67524271800863,-1.9061989216229414,26.90619892162294,-0.4275666950386503
4620000000,4630000000,50.63720421748985,-1.8976546727875885,26.89765467278759,125.11279578251015,175.75,25.0,-0.42614687681564933,-0.42614687681564933,50.65620210712716,-1.9019232546725533,26.901923254672553,-0.4268581884965519
4630000000,4640000000,50.618248978105825,-1.8933932040194321,26.893393204019432,125.38175102189417,176.0,25.0,-0.42543283443714297,-0.42543283443714297,50.63720421748985,-1.8976546727875885,26.89765467278759,-0.42614687681564933
4640000000,4650000000,50.599336317707355,-1.8891388756750622,26.889138875675062,125.65066368229265,176.25,25.0,-0.4247161345964816,-0.4247161345964816,50.618248978105825,-1.8933932040194321,26.893393204019432,-0.42543283443714297
4650000000,4660000000,50.580466164757325,-1.8848917143290969,26.884891714329097,125.91953383524267,176.5,25.0,-0.42399684934190907,-0.42399684934190907,50.599336317707355,-1.8891388756750622,26.889138875675062,-0.4247161345964816
4660000000,4670000000,50.5616384474565,-1.880651745835678,26.880651745835678,126.1883615525435,176.75,25.0,-0.4232750495526274,-0.4232750495526274,50.580466164757325,-1.8848917143290969,26.884891714329097,-0.42399684934190907
4670000000,4680000000,50.54285309375062,-1.8764189953401527,26.876418995340153,126.45714690624938,177.0,25.0,-0.4225508049567688,-0.4225508049567688,50.5616384474565,-1.880651745835678,26.880651745835678,-0.4232750495526274
4680000000,4690000000,50.52411003133747,-1.872193487290584,26.872193487290584,126.72588996866253,177.25,25.0,-0.4218241841490469,-0.4218241841490469,50.54285309375062,-1.8764189953401527,26.876418995340153,-0.4225508049567688
4690000000,4700000000,50.50540918767378,-1.8679752454490952,26.867975245449095,126.99459081232622,177.5,25.0,-0.4210952546081419,-0.4210952546081419,50.52411003133747,-1.872193487290584,26.872193487290584,-0.4218241841490469
4700000000,4710000000,50.486750489982015,-1.8637642929030136,26.863764292903014,127.26324951001799,177.75,25.0,-0.4203640827138684,-0.4203640827138684,50.50540918767378,-1.8679752454490952,26.867975245449095,-0.4210952546081419
4710000000,4720000000,50.468133865257116,-1.8595606520758743,26.859560652075874,127.53186613474288,178.0,25.0,-0.4196307337639935,-0.4196307337639935,50.486750489982015,-1.8637642929030136,26.863764292903014,-0.4203640827138684
4720000000,4730000000,50.44955924027305,-1.8553643447382342,26.855364344738234,127.80044075972695,178.25,25.0,-0.41889527199089316,-0.41889527199089316,50.468133865257116,-1.8595606520758743,26.859560652075874,-0.4196307337639935
4730000000,4740000000,50.43102654158926,-1.8511753920183267,26.851175392018327,128.06897345841074,178.5,25.0,-0.41815776057788745,-0.41815776057788745,50.44955924027305,-1.8553643447382342,26.855364344738234,-0.41889527199089316
4740000000,4750000000,50.4125356955571,-1.8469938144125493,26.84699381441255,128.3374643044429,178.75,25.0,-0.41741826167537344,-0.41741826167537344,50.43102654158926,-1.8511753920183267,26.851175392018327,-0.41815776057788745
4750000000,4760000000,50.39408662832605,-1.8428196317957948,26.842819631795795,128.60591337167395,179.0,25.0,-0.4166768364166653,-0.4166768364166653,50.4125356955571,-1.8469938144125493,26.84699381441255,-0.41741826167537344
4760000000,4770000000,50.375679265849925,-1.8386528634316264,26.838652863431626,128.87432073415007,179.25,25.0,-0.4159335449336288,-0.4159335449336288,50.39408662832605,-1.8428196317957948,26.842819631795795,-0.4166768364166653
4770000000,4780000000,50.357313533892835,-1.8344935279822892,26.83449352798229,129.14268646610716,179.5,25.0,-0.41518844637208074,-0.41518844637208074,50.375679265849925,-1.8386528634316264,26.838652863431626,-0.4159335449336288
4780000000,4790000000,50.33898935803532,-1.8303416435185689,26.83034164351857,129.41101064196468,179.75,25.0,-0.4144415989069563,-0.4144415989069563,50.357313533892835,-1.8344935279822892,26.83449352798229,-0.41518844637208074
4790000000,4800000000,50.320706663680085,-1.826197227529498,26.826197227529498,129.67929333631992,180.0,25.0,-0.41369305975716997,-0.41369305975716997,50.33898935803532,-1.8303416435185689,26.83034164351857,-0.4144415989069563
4800000000,4810000000,50.30246537605777,-1.8220602969319266,26.822060296931927,129.94753462394223,180.25,25.0,-0.4129428852003558,-0.4129428852003558,50.320706663680085,-1.826197227529498,26.826197227529498,-0.41369305975716997
4810000000,4820000000,50.284265420232714,-1.817930868079923,26.817930868079923,130.2157345797673,180.5,25.0,-0.41219113058735535,-0.41219113058735535,50.30246537605777,-1.8220602969319266,26.822060296931927,-0.4129428852003558
4820000000,4830000000,50.26610672110846,-1.81380895677405,26.81380895677405,130.48389327889154,180.75,25.0,-0.4114378503564169,-0.4114378503564169,50.284265420232714,-1.817930868079923,26.817930868079923,-0.41219113058735535
4830000000,4840000000,50.247989203433235,-1.8096945782704843,26.809694578270484,130.75201079656676,181.0,25.0,-0.410683098047276,-0.410683098047276,50.26610672110846,-1.81380895677405,26.81380895677405,-0.4114378503564169
4840000000,4850000000,50.22991279180545,-1.8055877472900121,26.805587747290012,131.02008720819455,181.25,25.0,-0.40992692631495387,-0.40992692631495387,50.247989203433235,-1.8096945782704843,26.809694578270484,-0.410683098047276
4850000000,4860000000,50.21187741067885,-1.8014884780268616,26.80148847802686,131.28812258932115,181.5,25.0,-0.40916938694336347,-0.40916938694336347,50.22991279180545,-1.8055877472900121,26.805587747290012,-0.40992692631495387
4860000000,4870000000,50.193882984367946,-1.7973967841574279,26.797396784157428,131.55611701563205,181.75,25.0,-0.4084105308587367,-0.4084105308587367,50.21187741067885,-1.8014884780268616,26.80148847802686,-0.40916938694336347
4870000000,4880000000,50.1759294370529,-1.7933126788488423,26.793312678848842,131.8240705629471,182.0,25.0,-0.4076504081427821,-0.4076504081427821,50.193882984367946,-1.7973967841574279,26.797396784157428,-0.4084105308587367
4880000000,4890000000,50.15801669278483,-1.7892361747674137,26.789236174767414,132.09198330721517,182.25,25.0,-0.40688906804573644,-0.40688906804573644,50.1759294370529,-1.7933126788488423,26.793312678848842,-0.4076504081427821
4890000000,4900000000,50.140144675490546,-1.7851672840869561,26.785167284086956,132.35985532450945,182.5,25.0,-0.40612655899909966,-0.40612655899909966,50.15801669278483,-1.7892361747674137,26.789236174767414,-0.40688906804573644
4900000000,4910000000,50.122313308977624,-1.7811060184969634,26.781106018496963,132.62768669102238,182.75,25.0,-0.40536292862830847,-0.40536292862830847,50.140144675490546,-1.7851672840869561,26.785167284086956,-0.40612655899909966
4910000000,4920000000,50.104522516939085,-1.7770523892106809,26.77705238921068,132.89547748306092,183.0,25.0,-0.4045982237650947,-0.4045982237650947,50.122313308977624,-1.7811060184969634,26.781106018496963,-0.40536292862830847
4920000000,4930000000,50.08677222295819,-1.7730064069730282,26.77300640697303,133.1632277770418,183.25,25.0,-0.4038324904597448,-0.4038324904597448,50.104522516939085,-1.7770523892106809,26.77705238921068,-0.4045982237650947
4930000000,4940000000,50.06906235051298,-1.7689680820684295,26.76896808206843,133.43093764948702,183.5,25.0,-0.4030657739931083,-0.4030657739931083,50.08677222295819,-1.7730064069730282,26.77300640697303,-0.4038324904597448
4940000000,4950000000,50.05139282298097,-1.7649374243284974,26.764937424328497,133.69860717701903,183.75,25.0,-0.40229811888849887,-0.40229811888849887,50.06906235051298,-1.7689680820684295,26.76896808206843,-0.4030657739931083
4950000000,4960000000,50.03376356364362,-1.7609144431396118,26.76091444313961,133.96623643635638,184.0,25.0,-0.40152956892331826,-0.40152956892331826,50.05139282298097,-1.7649374243284974,26.764937424328497,-0.40229811888849887
4960000000,4970000000,50.01617449569068,-1.7568991474503797,26.75689914745038,134.23382550430932,184.25,25.0,-0.4007601671405643,-0.4007601671405643,50.03376356364362,-1.7609144431396118,26.76091444313961,-0.40152956892331826
4970000000,4980000000,49.998625542224545,-1.7528915457789758,26.752891545778976,134.50137445777546,184.5,25.0,-0.39998995586016717,-0.39998995586016717,50.01617449569068,-1.7568991474503797,26.75689914745038,-0.4007601671405643
4980000000,4990000000,49.98111662626454,-1.7488916462203754,26.748891646220375,134.76888337373546,184.75,25.0,-0.39921897669014195,-0.39921897669014195,49.998625542224545,-1.7528915457789758,26.752891545778976,-0.39998995586016717
4990000000,5000000000,49.96364767075116,-1.7448994564534743,26.744899456453474,135.03635232924884,185.0,25.0,-0.3984472705375599,-0.3984472705375599,49.98111662626454,-1.7488916462203754,26.748891646220375,-0.39921897669014195
